{"is_source_file": true, "format": "JavaScript (React JSX)", "description": "Defines a React component for onboarding input page, including document upload, output type selection, and configuration.", "external_files": ["../components/ProgressStepper", "../components/PageHeader", "../components/TopBar", "../components/UploadDropzone", "../components/OutputTypeSelector", "../styles/onboarding.css"], "external_methods": ["useNavigate", "useMemo", "useState"], "published": [], "classes": [], "methods": [{"name": "OnboardingInputPage()", "description": "React functional component for onboarding input page, handling document upload, output selection, and user input.", "scope": "", "scopeKind": ""}, {"name": "onNext()", "description": "Handles navigation to the next step or logs state if navigation fails.", "scope": "OnboardingInputPage", "scopeKind": "function"}], "calls": ["useNavigate", "useMemo", "useState", "navigate"], "search-terms": ["OnboardingInputPage", "UploadDropzone", "OutputTypeSelector", "useNavigate", "React component", "configuration"], "state": 2, "file_id": 14, "knowledge_revision": 28, "git_revision": "0d9d8a6b3af25fb88096f1bbf8f42d3f3a79d84c", "ctags": [{"_type": "tag", "name": "OnboardingInputPage", "path": "/home/kavia/workspace/code-generation/solutiongen-platform-26695-26704/frontend_react/src/pages/OnboardingInputPage.js", "pattern": "/^export default function OnboardingInputPage() {$/", "language": "JavaScript", "kind": "function", "signature": "()"}, {"_type": "tag", "name": "companyName", "path": "/home/kavia/workspace/code-generation/solutiongen-platform-26695-26704/frontend_react/src/pages/OnboardingInputPage.js", "pattern": "/^                    value={companyName}$/", "language": "JavaScript", "kind": "field", "scope": "OnboardingInputPage.value", "scopeKind": "class"}, {"_type": "tag", "name": "onNext", "path": "/home/kavia/workspace/code-generation/solutiongen-platform-26695-26704/frontend_react/src/pages/OnboardingInputPage.js", "pattern": "/^  function onNext() {$/", "language": "JavaScript", "kind": "function", "signature": "()", "scope": "OnboardingInputPage", "scopeKind": "function"}, {"_type": "tag", "name": "outputOptions", "path": "/home/kavia/workspace/code-generation/solutiongen-platform-26695-26704/frontend_react/src/pages/OnboardingInputPage.js", "pattern": "/^                options={outputOptions}$/", "language": "JavaScript", "kind": "field", "scope": "OnboardingInputPage.options", "scopeKind": "class"}, {"_type": "tag", "name": "outputType", "path": "/home/kavia/workspace/code-generation/solutiongen-platform-26695-26704/frontend_react/src/pages/OnboardingInputPage.js", "pattern": "/^                value={outputType}$/", "language": "JavaScript", "kind": "field", "scope": "OnboardingInputPage.value", "scopeKind": "class"}, {"_type": "tag", "name": "setOutputType", "path": "/home/kavia/workspace/code-generation/solutiongen-platform-26695-26704/frontend_react/src/pages/OnboardingInputPage.js", "pattern": "/^                onChange={setOutputType}$/", "language": "JavaScript", "kind": "field", "scope": "OnboardingInputPage.onChange", "scopeKind": "class"}, {"_type": "tag", "name": "targetAudience", "path": "/home/kavia/workspace/code-generation/solutiongen-platform-26695-26704/frontend_react/src/pages/OnboardingInputPage.js", "pattern": "/^                    value={targetAudience}$/", "language": "JavaScript", "kind": "field", "scope": "OnboardingInputPage.value", "scopeKind": "class"}], "hash": "323aa4fb8c854eeb504ff7d670f6c899", "format-version": 4, "code-base-name": "frontend_react", "filename": "frontend_react/src/pages/OnboardingInputPage.js", "fields": [{"name": "value={companyName}", "scope": "OnboardingInputPage.value", "scopeKind": "class", "description": "unavailable"}, {"name": "options={outputOptions}", "scope": "OnboardingInputPage.options", "scopeKind": "class", "description": "unavailable"}, {"name": "value={outputType}", "scope": "OnboardingInputPage.value", "scopeKind": "class", "description": "unavailable"}, {"name": "onChange={setOutputType}", "scope": "OnboardingInputPage.onChange", "scopeKind": "class", "description": "unavailable"}, {"name": "value={targetAudience}", "scope": "OnboardingInputPage.value", "scopeKind": "class", "description": "unavailable"}], "revision_history": [{"28": "0d9d8a6b3af25fb88096f1bbf8f42d3f3a79d84c"}]}