{"is_source_file": true, "format": "JavaScript (React JSX)", "description": "React functional component 'ProgressStepper' that renders a multi-step progress indicator for onboarding flows, displaying step numbers and labels with active step highlighting.", "external_files": ["react"], "external_methods": [], "published": ["ProgressStepper"], "classes": [], "methods": [{"name": "ProgressStepper({ currentStep, steps })", "description": "React functional component that renders a stepper navigation for onboarding, displaying numbered steps with the current step visually highlighted.", "scope": "", "scopeKind": ""}], "calls": ["React"], "search-terms": ["ProgressStepper", "react", "stepper", "onboarding", "multi-step", "component", "navigation"], "state": 2, "file_id": 16, "knowledge_revision": 50, "git_revision": "d7ac4ffcdc8b40607981e7338c6d02d6b3c9c1ff", "ctags": [{"_type": "tag", "name": "ProgressStepper", "path": "/home/kavia/workspace/code-generation/solutiongen-platform-26695-26704/frontend_react/src/components/ProgressStepper.js", "pattern": "/^export default function ProgressStepper({ currentStep, steps }) {$/", "language": "JavaScript", "kind": "function", "signature": "({ currentStep, steps })"}], "hash": "a81760855adc61c389fded9c4cc9eeda", "format-version": 4, "code-base-name": "frontend_react", "filename": "frontend_react/src/components/ProgressStepper.js", "revision_history": [{"50": "d7ac4ffcdc8b40607981e7338c6d02d6b3c9c1ff"}]}