{"is_source_file": false, "format": "", "description": "", "external_files": [], "external_methods": [], "published": [], "classes": [], "methods": [], "calls": [], "search-terms": [], "state": 2, "file_id": 16, "knowledge_revision": 38, "git_revision": "1a9f504e93b2944f1b0d30674be0c8ec212a2481", "hash": "afbfa84eeccb7015d1e4e6fd820186fa", "format-version": 4, "code-base-name": "frontend_react", "filename": "frontend_react/src/index.css", "revision_history": [{"38": "1a9f504e93b2944f1b0d30674be0c8ec212a2481"}]}