{"is_source_file": true, "format": "JavaScript (React JSX)", "description": "This file defines the frontend React component 'OnboardingInputPage', which provides a user interface for uploading documents, selecting output types, and configuring basic settings for a project onboarding flow.", "external_files": ["../components/ProgressStepper", "../components/PageHeader", "../components/UploadDropzone", "../components/OutputTypeSelector", "../styles/onboarding.css"], "external_methods": ["useNavigate"], "published": [], "classes": [], "methods": [{"name": "OnboardingInputPage()", "description": "Main React component for onboarding input page, handling document upload, output type selection, and configuration settings.", "scope": "", "scopeKind": ""}, {"name": "onNext()", "description": "Handles navigation to the next step in the onboarding process, with fallback logging.", "scope": "OnboardingInputPage", "scopeKind": "function"}], "calls": ["useNavigate", "useMemo", "useState", "navigate", "UploadDropzone", "OutputTypeSelector", "setOutputType", "setCompanyName", "setTargetAudience"], "search-terms": ["Onboarding", "UploadDropzone", "OutputTypeSelector", "react-router-dom", "ProgressStepper", "PageHeader", "onNext", "configuration", "companyName", "targetAudience"], "state": 2, "file_id": 19, "knowledge_revision": 49, "git_revision": "e923cccd15b83ebec6a5aff42da41b1aabb9843c", "revision_history": [{"45": "398b60afba223b6d0153b6b6a8f8207d706672e8"}, {"46": "398b60afba223b6d0153b6b6a8f8207d706672e8"}, {"49": "e923cccd15b83ebec6a5aff42da41b1aabb9843c"}], "ctags": [{"_type": "tag", "name": "OnboardingInputPage", "path": "/home/kavia/workspace/code-generation/solutiongen-platform-26695-26704/frontend_react/src/pages/OnboardingInputPage.js", "pattern": "/^export default function OnboardingInputPage() {$/", "language": "JavaScript", "kind": "function", "signature": "()"}, {"_type": "tag", "name": "companyName", "path": "/home/kavia/workspace/code-generation/solutiongen-platform-26695-26704/frontend_react/src/pages/OnboardingInputPage.js", "pattern": "/^                    value={companyName}$/", "language": "JavaScript", "kind": "field", "scope": "OnboardingInputPage.value", "scopeKind": "class"}, {"_type": "tag", "name": "onNext", "path": "/home/kavia/workspace/code-generation/solutiongen-platform-26695-26704/frontend_react/src/pages/OnboardingInputPage.js", "pattern": "/^                    onClick={onNext}$/", "language": "JavaScript", "kind": "field", "scope": "OnboardingInputPage.onClick", "scopeKind": "class"}, {"_type": "tag", "name": "onNext", "path": "/home/kavia/workspace/code-generation/solutiongen-platform-26695-26704/frontend_react/src/pages/OnboardingInputPage.js", "pattern": "/^  function onNext() {$/", "language": "JavaScript", "kind": "function", "signature": "()", "scope": "OnboardingInputPage", "scopeKind": "function"}, {"_type": "tag", "name": "outputOptions", "path": "/home/kavia/workspace/code-generation/solutiongen-platform-26695-26704/frontend_react/src/pages/OnboardingInputPage.js", "pattern": "/^                options={outputOptions}$/", "language": "JavaScript", "kind": "field", "scope": "OnboardingInputPage.options", "scopeKind": "class"}, {"_type": "tag", "name": "outputType", "path": "/home/kavia/workspace/code-generation/solutiongen-platform-26695-26704/frontend_react/src/pages/OnboardingInputPage.js", "pattern": "/^                value={outputType}$/", "language": "JavaScript", "kind": "field", "scope": "OnboardingInputPage.value", "scopeKind": "class"}, {"_type": "tag", "name": "setOutputType", "path": "/home/kavia/workspace/code-generation/solutiongen-platform-26695-26704/frontend_react/src/pages/OnboardingInputPage.js", "pattern": "/^                onChange={setOutputType}$/", "language": "JavaScript", "kind": "field", "scope": "OnboardingInputPage.onChange", "scopeKind": "class"}, {"_type": "tag", "name": "targetAudience", "path": "/home/kavia/workspace/code-generation/solutiongen-platform-26695-26704/frontend_react/src/pages/OnboardingInputPage.js", "pattern": "/^                    value={targetAudience}$/", "language": "JavaScript", "kind": "field", "scope": "OnboardingInputPage.value", "scopeKind": "class"}], "hash": "0118800daa70245e1f1b9611b608f783", "format-version": 4, "code-base-name": "frontend_react", "filename": "frontend_react/src/pages/OnboardingInputPage.js", "fields": [{"name": "value={companyName}", "scope": "OnboardingInputPage.value", "scopeKind": "class", "description": "unavailable"}, {"name": "onClick={onNext}", "scope": "OnboardingInputPage.onClick", "scopeKind": "class", "description": "unavailable"}, {"name": "options={outputOptions}", "scope": "OnboardingInputPage.options", "scopeKind": "class", "description": "unavailable"}, {"name": "value={outputType}", "scope": "OnboardingInputPage.value", "scopeKind": "class", "description": "unavailable"}, {"name": "onChange={setOutputType}", "scope": "OnboardingInputPage.onChange", "scopeKind": "class", "description": "unavailable"}, {"name": "value={targetAudience}", "scope": "OnboardingInputPage.value", "scopeKind": "class", "description": "unavailable"}]}