{"is_source_file": true, "format": "HTML", "description": "This is the main HTML template for the frontend React application, providing the basic structure and linking necessary resources such as fonts, manifest, and icons.", "external_files": ["%PUBLIC_URL%/favicon.ico", "%PUBLIC_URL%/logo192.png", "%PUBLIC_URL%/manifest.json"], "external_methods": [], "published": [], "classes": [], "methods": [], "calls": [], "search-terms": ["public/index.html", "React frontend template", "HTML boilerplate", "index.html"], "state": 3, "file_id": 8, "knowledge_revision": 21, "git_revision": "", "hash": null, "format-version": 4, "code-base-name": "frontend_react", "filename": "frontend_react/public/index.html", "revision_history": [{"21": ""}, {"23": "aba1f482a412cfa0dd89742ea557a5d4b2611ce8"}]}