{"is_source_file": false, "format": "", "description": "", "external_files": [], "external_methods": [], "published": [], "classes": [], "methods": [], "calls": [], "search-terms": ["onboarding.css", "onb-container", "onb-stepper", "onb-step", "onb-header", "onb-title", "dropzone", "outputGrid", "outputTile", "onb-form", "onb-primaryBtn"], "state": 2, "file_id": 15, "knowledge_revision": 61, "git_revision": "3ebdb961bb780f8f5fd1f799126811800b912fb2", "hash": "180e0de4f380ce62a8543eabe184cd52", "format-version": 4, "code-base-name": "frontend_react", "filename": "frontend_react/src/styles/onboarding.css", "revision_history": [{"61": "3ebdb961bb780f8f5fd1f799126811800b912fb2"}]}