{"is_source_file": false, "format": "CSS", "description": "This file contains CSS styles for onboarding pages in a React frontend project, defining styles for layout, headers, cards, buttons, dropzones, output tiles, and responsive design.", "external_files": [], "external_methods": [], "published": [], "classes": [], "methods": [], "calls": [], "search-terms": ["onboarding", "onb-page", "dropzone", "outputTile", "primaryBtn", "header", "card", "responsive"], "state": 2, "file_id": 15, "knowledge_revision": 37, "git_revision": "c1af168b8acd075cbf43c00562c4a6e3ff3be26a", "hash": "93563b22d34571e8943defe1742e8f3c", "format-version": 4, "code-base-name": "frontend_react", "filename": "frontend_react/src/styles/onboarding.css", "revision_history": [{"37": "c1af168b8acd075cbf43c00562c4a6e3ff3be26a"}]}