{"is_source_file": false, "format": "", "description": "", "external_files": [], "external_methods": [], "published": [], "classes": [], "methods": [], "calls": [], "search-terms": ["onboarding", "css", "styles", "dropzone", "output grid", "responsive", "onb-page"], "state": 2, "file_id": 14, "knowledge_revision": 40, "git_revision": "398b60afba223b6d0153b6b6a8f8207d706672e8", "hash": "52c2496e91575a97809959ec3d22b52f", "format-version": 4, "code-base-name": "frontend_react", "filename": "frontend_react/src/styles/onboarding.css", "revision_history": [{"40": "398b60afba223b6d0153b6b6a8f8207d706672e8"}]}