{"is_source_file": false, "format": "", "description": "", "external_files": [], "external_methods": [], "published": [], "classes": [], "methods": [], "calls": [], "search-terms": [], "state": 2, "file_id": 13, "knowledge_revision": 40, "git_revision": "aba1f482a412cfa0dd89742ea557a5d4b2611ce8", "hash": "ebece526bc2eadd78ddd787a76c56607", "format-version": 4, "code-base-name": "frontend_react", "filename": "frontend_react/README.md", "revision_history": [{"40": "aba1f482a412cfa0dd89742ea557a5d4b2611ce8"}]}