{"is_source_file": false, "format": "", "description": "", "external_files": [], "external_methods": [], "published": [], "classes": [], "methods": [], "calls": [], "search-terms": ["onb-page", "topBar", "brand", "dropzone", "outputGrid", "onb-form", "onb-primaryBtn", "onb-title", "onb-section"], "state": 2, "file_id": 15, "knowledge_revision": 39, "git_revision": "0e8c1bb3d488b1c48d1cdc11d3b65e151eed8eef", "hash": "2865ccc33c09491538e182e00144d00b", "format-version": 4, "code-base-name": "frontend_react", "filename": "frontend_react/src/styles/onboarding.css", "revision_history": [{"39": "0e8c1bb3d488b1c48d1cdc11d3b65e151eed8eef"}]}