{"is_source_file": true, "format": "JavaScript (React JSX)", "description": "React component implementing a file upload dropzone UI with drag-and-drop and click-to-browse capabilities, used for selecting files with specific supported types.", "external_files": [], "external_methods": ["React.useId", "React.useRef", "React.useState", "React.useMemo"], "published": ["UploadDropzone"], "classes": [], "methods": [{"name": "UploadDropzone({ label, supportedTypesText, onFilesSelected, })", "description": "Functional React component that manages a drag-and-drop file upload interface with support for different file types and accessibility features.", "scope": "", "scopeKind": ""}, {"name": "handleFiles(files)", "scope": "UploadDropzone", "scopeKind": "function", "description": "unavailable"}, {"name": "onDragLeave()", "scope": "UploadDropzone", "scopeKind": "function", "description": "unavailable"}, {"name": "onDragOver(e)", "scope": "UploadDropzone", "scopeKind": "function", "description": "unavailable"}, {"name": "onDrop(e)", "scope": "UploadDropzone", "scopeKind": "function", "description": "unavailable"}, {"name": "onKeyDown(e)", "scope": "UploadDropzone", "scopeKind": "function", "description": "unavailable"}, {"name": "openPicker()", "scope": "UploadDropzone", "scopeKind": "function", "description": "unavailable"}], "calls": ["useId", "useRef", "useState", "useMemo", "console.log"], "search-terms": ["React file upload", "drag and drop", "file picker", "UploadDropzone", "supported file types", "dropzone UI"], "state": 2, "file_id": 17, "knowledge_revision": 50, "git_revision": "398b60afba223b6d0153b6b6a8f8207d706672e8", "revision_history": [{"43": "398b60afba223b6d0153b6b6a8f8207d706672e8"}, {"50": "398b60afba223b6d0153b6b6a8f8207d706672e8"}], "ctags": [{"_type": "tag", "name": "${inputId}-hint", "path": "/home/kavia/workspace/code-generation/solutiongen-platform-26695-26704/frontend_react/src/components/UploadDropzone.js", "pattern": "/^      aria-describedby={`${inputId}-hint`}$/", "language": "JavaScript", "kind": "field", "scope": "UploadDropzone.aria", "scopeKind": "class"}, {"_type": "tag", "name": "0", "path": "/home/kavia/workspace/code-generation/solutiongen-platform-26695-26704/frontend_react/src/components/UploadDropzone.js", "pattern": "/^      tabIndex={0}$/", "language": "JavaScript", "kind": "field", "scope": "UploadDropzone.tabIndex", "scopeKind": "class"}, {"_type": "tag", "name": "UploadDropzone", "path": "/home/kavia/workspace/code-generation/solutiongen-platform-26695-26704/frontend_react/src/components/UploadDropzone.js", "pattern": "/^export default function UploadDropzone({$/", "language": "JavaScript", "kind": "function", "signature": "({ label, supportedTypesText, onFilesSelected, })"}, {"_type": "tag", "name": "accept", "path": "/home/kavia/workspace/code-generation/solutiongen-platform-26695-26704/frontend_react/src/components/UploadDropzone.js", "pattern": "/^        accept={accept}$/", "language": "JavaScript", "kind": "field", "scope": "UploadDropzone.accept", "scopeKind": "class"}, {"_type": "tag", "name": "dropzone ${isDragActive ? \"dropzone--active\" : \"\"}", "path": "/home/kavia/workspace/code-generation/solutiongen-platform-26695-26704/frontend_react/src/components/UploadDropzone.js", "pattern": "/^      className={`dropzone ${isDragActive ? \"dropzone--active\" : \"\"}`}$/", "language": "JavaScript", "kind": "field", "scope": "UploadDropzone.className", "scopeKind": "class"}, {"_type": "tag", "name": "handleFiles", "path": "/home/kavia/workspace/code-generation/solutiongen-platform-26695-26704/frontend_react/src/components/UploadDropzone.js", "pattern": "/^  function handleFiles(files) {$/", "language": "JavaScript", "kind": "function", "signature": "(files)", "scope": "UploadDropzone", "scopeKind": "function"}, {"_type": "tag", "name": "inputId", "path": "/home/kavia/workspace/code-generation/solutiongen-platform-26695-26704/frontend_react/src/components/UploadDropzone.js", "pattern": "/^        id={inputId}$/", "language": "JavaScript", "kind": "field", "scope": "UploadDropzone.id", "scopeKind": "class"}, {"_type": "tag", "name": "inputRef", "path": "/home/kavia/workspace/code-generation/solutiongen-platform-26695-26704/frontend_react/src/components/UploadDropzone.js", "pattern": "/^        ref={inputRef}$/", "language": "JavaScript", "kind": "field", "scope": "UploadDropzone.ref", "scopeKind": "class"}, {"_type": "tag", "name": "label", "path": "/home/kavia/workspace/code-generation/solutiongen-platform-26695-26704/frontend_react/src/components/UploadDropzone.js", "pattern": "/^      aria-label={label}$/", "language": "JavaScript", "kind": "field", "scope": "UploadDropzone.aria", "scopeKind": "class"}, {"_type": "tag", "name": "onDragLeave", "path": "/home/kavia/workspace/code-generation/solutiongen-platform-26695-26704/frontend_react/src/components/UploadDropzone.js", "pattern": "/^      onDragLeave={onDragLeave}$/", "language": "JavaScript", "kind": "field", "scope": "UploadDropzone.onDragLeave", "scopeKind": "class"}, {"_type": "tag", "name": "onDragLeave", "path": "/home/kavia/workspace/code-generation/solutiongen-platform-26695-26704/frontend_react/src/components/UploadDropzone.js", "pattern": "/^  function onDragLeave() {$/", "language": "JavaScript", "kind": "function", "signature": "()", "scope": "UploadDropzone", "scopeKind": "function"}, {"_type": "tag", "name": "onDragOver", "path": "/home/kavia/workspace/code-generation/solutiongen-platform-26695-26704/frontend_react/src/components/UploadDropzone.js", "pattern": "/^      onDragOver={onDragOver}$/", "language": "JavaScript", "kind": "field", "scope": "UploadDropzone.onDragOver", "scopeKind": "class"}, {"_type": "tag", "name": "onDragOver", "path": "/home/kavia/workspace/code-generation/solutiongen-platform-26695-26704/frontend_react/src/components/UploadDropzone.js", "pattern": "/^  function onDragOver(e) {$/", "language": "JavaScript", "kind": "function", "signature": "(e)", "scope": "UploadDropzone", "scopeKind": "function"}, {"_type": "tag", "name": "onDrop", "path": "/home/kavia/workspace/code-generation/solutiongen-platform-26695-26704/frontend_react/src/components/UploadDropzone.js", "pattern": "/^      onDrop={onDrop}$/", "language": "JavaScript", "kind": "field", "scope": "UploadDropzone.onDrop", "scopeKind": "class"}, {"_type": "tag", "name": "onDrop", "path": "/home/kavia/workspace/code-generation/solutiongen-platform-26695-26704/frontend_react/src/components/UploadDropzone.js", "pattern": "/^  function onDrop(e) {$/", "language": "JavaScript", "kind": "function", "signature": "(e)", "scope": "UploadDropzone", "scopeKind": "function"}, {"_type": "tag", "name": "onKeyDown", "path": "/home/kavia/workspace/code-generation/solutiongen-platform-26695-26704/frontend_react/src/components/UploadDropzone.js", "pattern": "/^      onKeyDown={onKeyDown}$/", "language": "JavaScript", "kind": "field", "scope": "UploadDropzone.onKeyDown", "scopeKind": "class"}, {"_type": "tag", "name": "onKeyDown", "path": "/home/kavia/workspace/code-generation/solutiongen-platform-26695-26704/frontend_react/src/components/UploadDropzone.js", "pattern": "/^  function onKeyDown(e) {$/", "language": "JavaScript", "kind": "function", "signature": "(e)", "scope": "UploadDropzone", "scopeKind": "function"}, {"_type": "tag", "name": "openPicker", "path": "/home/kavia/workspace/code-generation/solutiongen-platform-26695-26704/frontend_react/src/components/UploadDropzone.js", "pattern": "/^      onClick={openPicker}$/", "language": "JavaScript", "kind": "field", "scope": "UploadDropzone.onClick", "scopeKind": "class"}, {"_type": "tag", "name": "openPicker", "path": "/home/kavia/workspace/code-generation/solutiongen-platform-26695-26704/frontend_react/src/components/UploadDropzone.js", "pattern": "/^  function openPicker() {$/", "language": "JavaScript", "kind": "function", "signature": "()", "scope": "UploadDropzone", "scopeKind": "function"}], "hash": "c434b706d0e556d03464a2634905c49d", "format-version": 4, "code-base-name": "frontend_react", "filename": "frontend_react/src/components/UploadDropzone.js", "fields": [{"name": "aria-describedby={`${inputId}-hint`}", "scope": "UploadDropzone.aria", "scopeKind": "class", "description": "unavailable"}, {"name": "tabIndex={0}", "scope": "UploadDropzone.tabIndex", "scopeKind": "class", "description": "unavailable"}, {"name": "accept={accept}", "scope": "UploadDropzone.accept", "scopeKind": "class", "description": "unavailable"}, {"name": "className={`dropzone ${isDragActive ? \"dropzone--active\" : \"\"}`}", "scope": "UploadDropzone.className", "scopeKind": "class", "description": "unavailable"}, {"name": "id={inputId}", "scope": "UploadDropzone.id", "scopeKind": "class", "description": "unavailable"}, {"name": "ref={inputRef}", "scope": "UploadDropzone.ref", "scopeKind": "class", "description": "unavailable"}, {"name": "aria-label={label}", "scope": "UploadDropzone.aria", "scopeKind": "class", "description": "unavailable"}, {"name": "onDragLeave={onDragLeave}", "scope": "UploadDropzone.onDragLeave", "scopeKind": "class", "description": "unavailable"}, {"name": "onDragOver={onDragOver}", "scope": "UploadDropzone.onDragOver", "scopeKind": "class", "description": "unavailable"}, {"name": "onDrop={onDrop}", "scope": "UploadDropzone.onDrop", "scopeKind": "class", "description": "unavailable"}, {"name": "onKeyDown={onKeyDown}", "scope": "UploadDropzone.onKeyDown", "scopeKind": "class", "description": "unavailable"}, {"name": "onClick={openPicker}", "scope": "UploadDropzone.onClick", "scopeKind": "class", "description": "unavailable"}]}