{"is_source_file": false, "format": "CSS", "description": "This file contains CSS styles for onboarding pages and components in a frontend React project, defining layout, visual styles, responsiveness, and component appearance.", "external_files": [], "external_methods": [], "published": [], "classes": [], "methods": [], "calls": [], "search-terms": ["onboarding", "CSS styles", "frontend styling", "responsive design", "onboarding page layout"], "state": 2, "file_id": 14, "knowledge_revision": 52, "git_revision": "88892181881684d2c9e0b4972f3b1f8bcfabb627", "hash": "5ac919ae0ba0f50cb6e606f2e53784e4", "format-version": 4, "code-base-name": "frontend_react", "filename": "frontend_react/src/styles/onboarding.css", "revision_history": [{"52": "88892181881684d2c9e0b4972f3b1f8bcfabb627"}]}