{"is_source_file": true, "format": "JavaScript (React JSX)", "description": "This file defines the main application component for a React frontend, setting up routing for onboarding pages and handling navigation.", "external_files": ["./pages/OnboardingInputPage", "./App.css"], "external_methods": ["React", "Navigate", "Route", "Routes"], "published": ["App"], "classes": [], "methods": [{"name": "App()", "description": "Main React functional component that establishes route configuration for onboarding pages.", "scope": "", "scopeKind": ""}], "calls": ["React", "Navigate", "Route", "Routes", "OnboardingInputPage"], "search-terms": ["React Router", "routing", "OnboardingInputPage", "App component", "frontend"], "state": 2, "file_id": 20, "knowledge_revision": 25, "git_revision": "398b60afba223b6d0153b6b6a8f8207d706672e8", "ctags": [{"_type": "tag", "name": "App", "path": "/home/kavia/workspace/code-generation/solutiongen-platform-26695-26704/frontend_react/src/App.js", "pattern": "/^function App() {$/", "language": "JavaScript", "kind": "function", "signature": "()"}], "hash": "246722786c0895565641f21cbb12e2c1", "format-version": 4, "code-base-name": "frontend_react", "filename": "frontend_react/src/App.js", "revision_history": [{"25": "398b60afba223b6d0153b6b6a8f8207d706672e8"}]}