{"is_source_file": true, "format": "JavaScript (React JSX)", "description": "React component for a progress stepper used in multi-step onboarding flows, rendering step numbers and labels with active step highlighting.", "external_files": ["react"], "external_methods": [], "published": ["ProgressStepper"], "classes": [], "methods": [{"name": "ProgressStepper({ currentStep, steps })", "description": "React functional component that renders a progress indicator with labeled steps, highlighting the current step.", "scope": "", "scopeKind": ""}], "calls": ["React"], "search-terms": ["ProgressStepper", "onb-stepper", "multi-step onboarding", "React component", "stepper UI"], "state": 2, "file_id": 15, "knowledge_revision": 41, "git_revision": "398b60afba223b6d0153b6b6a8f8207d706672e8", "ctags": [{"_type": "tag", "name": "ProgressStepper", "path": "/home/kavia/workspace/code-generation/solutiongen-platform-26695-26704/frontend_react/src/components/ProgressStepper.js", "pattern": "/^export default function ProgressStepper({ currentStep, steps }) {$/", "language": "JavaScript", "kind": "function", "signature": "({ currentStep, steps })"}], "hash": "fd5e4b6c28e3e6acfe126639f609c66f", "format-version": 4, "code-base-name": "frontend_react", "filename": "frontend_react/src/components/ProgressStepper.js", "revision_history": [{"41": "398b60afba223b6d0153b6b6a8f8207d706672e8"}]}