{"is_source_file": true, "format": "JavaScript (React)", "description": "The file is a React entry point that sets up the React app, including ReactDOM rendering, React StrictMode, routing with BrowserRouter, and importing main styles and app component.", "external_files": ["react", "react-dom/client", "react-router-dom", "./index.css", "./App"], "external_methods": ["ReactDOM.createRoot", "root.render"], "published": ["React", "ReactDOM", "BrowserRouter", "App"], "classes": [], "methods": [{"name": "ReactDOM.createRoot", "description": "Creates a root to render the React application."}, {"name": "root.render", "description": "Initiates rendering of React components into the DOM."}], "calls": ["ReactDOM.createRoot", "root.render", "<React.StrictMode>", "<BrowserRouter>", "<App />"], "search-terms": ["React", "ReactDOM", "index.js", "client rendering", "React Router", "React app entry point"], "state": 2, "file_id": 4, "knowledge_revision": 21, "git_revision": "398b60afba223b6d0153b6b6a8f8207d706672e8", "ctags": [{"_type": "tag", "name": "root", "path": "/home/kavia/workspace/code-generation/solutiongen-platform-26695-26704/frontend_react/src/index.js", "pattern": "/^const root = ReactDOM.createRoot(document.getElementById(\"root\"));$/", "language": "JavaScript", "kind": "constant"}], "hash": "cdf2a45db864983860baaaa16173e219", "format-version": 4, "code-base-name": "frontend_react", "filename": "frontend_react/src/index.js", "revision_history": [{"21": "398b60afba223b6d0153b6b6a8f8207d706672e8"}]}