{"is_source_file": true, "format": "JavaScript (React JSX)", "description": "A React functional component that renders a simple page header with a title and subtitle, primarily used for onboarding pages.", "external_files": ["react"], "external_methods": [], "published": ["default export (PageHeader component)"], "classes": [], "methods": [{"name": "PageHeader({ title, subtitle })", "description": "React functional component that displays a header with a title and subtitle based on props.", "scope": "", "scopeKind": ""}], "calls": [], "search-terms": ["PageHeader", "react component", "onboarding header", "title subtitle"], "state": 2, "file_id": 16, "knowledge_revision": 42, "git_revision": "398b60afba223b6d0153b6b6a8f8207d706672e8", "ctags": [{"_type": "tag", "name": "PageHeader", "path": "/home/kavia/workspace/code-generation/solutiongen-platform-26695-26704/frontend_react/src/components/PageHeader.js", "pattern": "/^export default function PageHeader({ title, subtitle }) {$/", "language": "JavaScript", "kind": "function", "signature": "({ title, subtitle })"}], "hash": "c111b425406c0af2bf1359ff387a556c", "format-version": 4, "code-base-name": "frontend_react", "filename": "frontend_react/src/components/PageHeader.js", "revision_history": [{"42": "398b60afba223b6d0153b6b6a8f8207d706672e8"}]}