{"is_source_file": true, "file_id": 16, "git_revision": "", "state": 1, "description": "", "external_files": [], "external_methods": [], "published": [], "classes": [], "methods": [], "calls": [], "search-terms": [], "ctags": [{"_type": "tag", "name": "PageHeader", "path": "/home/kavia/workspace/code-generation/solutiongen-platform-26695-26704/frontend_react/src/components/PageHeader.js", "pattern": "/^export default function PageHeader({ title, subtitle }) {$/", "language": "JavaScript", "kind": "function", "signature": "({ title, subtitle })"}], "format": "JavaScript", "hash": "c111b425406c0af2bf1359ff387a556c", "format-version": 4, "code-base-name": "frontend_react", "filename": "frontend_react/src/components/PageHeader.js", "knowledge_revision": 30}