{"is_source_file": false, "format": "CSS", "description": "This file contains styling rules for the onboarding page of a web project, including layout, buttons, cards, headers, and responsive design aspects.", "external_files": [], "external_methods": [], "published": [], "classes": [], "methods": [], "calls": [], "search-terms": ["onboarding", "onb-page", "onb-header", "dropzone", "outputGrid", "onb-primaryBtn", "onb-card", "brand", "topBar"], "state": 2, "file_id": 15, "knowledge_revision": 43, "git_revision": "75cdcb6abdf7619718f3b18300c7381f094a04df", "hash": "b88e9662079689930864230a7c1c8be7", "format-version": 4, "code-base-name": "frontend_react", "filename": "frontend_react/src/styles/onboarding.css", "revision_history": [{"43": "75cdcb6abdf7619718f3b18300c7381f094a04df"}]}