{"is_source_file": false, "format": "", "description": "", "external_files": [], "external_methods": [], "published": [], "classes": [], "methods": [], "calls": [], "search-terms": ["onboarding", "styles", "react", "CSS classes", "onb-page", "stepper", "dropzone", "output grid", "card", "button"], "state": 2, "file_id": 15, "knowledge_revision": 55, "git_revision": "0939ccbd29f3a49a1c42ec75d24f0b0e0e81d3d3", "hash": "8321d0c62b7d64a9d1763be6ab01ceca", "format-version": 4, "code-base-name": "frontend_react", "filename": "frontend_react/src/styles/onboarding.css", "revision_history": [{"55": "0939ccbd29f3a49a1c42ec75d24f0b0e0e81d3d3"}]}