{"is_source_file": true, "format": "JavaScript (React JSX)", "description": "This file initializes the React application by importing React libraries, styling, and the main App component. It creates a root DOM node and renders the App component within React.StrictMode.", "external_files": ["./index.css", "./App"], "external_methods": ["ReactDOM.createRoot", "root.render"], "published": [], "classes": [], "methods": [{"name": "ReactDOM.createRoot", "description": "Creates a root to manage rendering of React components into the specified DOM node."}, {"name": "root.render", "description": "Renders the React component tree into the root element."}], "calls": ["ReactDOM.createRoot", "root.render"], "search-terms": ["ReactDOM", "createRoot", "React.StrictMode", "index.js", "render", "React component initialization"], "state": 2, "file_id": 5, "knowledge_revision": 23, "git_revision": "d210bb8b432408239c81b44c7a91e64d92dec4ad", "ctags": [{"_type": "tag", "name": "root", "path": "/home/kavia/workspace/code-generation/solutiongen-platform-26695-26704/frontend_react/src/index.js", "pattern": "/^const root = ReactDOM.createRoot(document.getElementById('root'));$/", "language": "JavaScript", "kind": "constant"}], "hash": "9fc5841375336fc175b49f8767a11383", "format-version": 4, "code-base-name": "frontend_react", "filename": "frontend_react/src/index.js", "revision_history": [{"23": "d210bb8b432408239c81b44c7a91e64d92dec4ad"}]}