{"is_source_file": false, "format": "CSS", "description": "This file contains the styles for the onboarding page and related components of a React frontend project. It defines various CSS classes for layout, typography, responsive design, interactive elements like dropzones, output tiles, forms, and buttons.", "external_files": [], "external_methods": [], "published": [], "classes": [], "methods": [], "calls": [], "search-terms": ["onboarding.css", "dropzone", "outputTile", "onb-container", "onb-stepper", "responsive design", "CSS classes"], "state": 2, "file_id": 14, "knowledge_revision": 47, "git_revision": "398b60afba223b6d0153b6b6a8f8207d706672e8", "hash": "6909eff5bb03320d7662357ea7ee2cf4", "format-version": 4, "code-base-name": "frontend_react", "filename": "frontend_react/src/styles/onboarding.css", "revision_history": [{"47": "398b60afba223b6d0153b6b6a8f8207d706672e8"}]}