{"is_source_file": false, "format": "", "description": "", "external_files": [], "external_methods": [], "published": [], "classes": [], "methods": [], "calls": [], "search-terms": ["onboarding.css", "onb-page", "topBar", "brand", "stepper", "card", "dropzone", "outputGrid", "section", "form", "button", "primaryBtn", "title"], "state": 2, "file_id": 22, "knowledge_revision": 33, "git_revision": "0922aa5c4a81b3ee1d0f2cfcf611976a0bf191e0", "hash": "5336d8a190b4baf856ffaa954ddb7b12", "format-version": 4, "code-base-name": "frontend_react", "filename": "frontend_react/src/styles/onboarding.css", "revision_history": [{"33": "0922aa5c4a81b3ee1d0f2cfcf611976a0bf191e0"}]}