{"is_source_file": false, "format": "", "description": "", "external_files": [], "external_methods": [], "published": [], "classes": [], "methods": [], "calls": [], "search-terms": [], "state": 2, "file_id": 12, "knowledge_revision": 16, "git_revision": "aba1f482a412cfa0dd89742ea557a5d4b2611ce8", "hash": "d001d53c059625c4bcf75bf5a7f3fcf0", "format-version": 4, "code-base-name": "frontend_react", "filename": "frontend_react/package.json", "revision_history": [{"16": "aba1f482a412cfa0dd89742ea557a5d4b2611ce8"}]}