{"is_source_file": true, "format": "JavaScript Module (ESM)", "description": "ESLint configuration file for a React project, specifying file patterns, parser options, global variables, rules, and plugins.", "external_files": ["@eslint/js", "eslint-plugin-react"], "external_methods": ["pluginJs", "pluginReact"], "published": [], "classes": [], "methods": [], "calls": ["pluginJs.configs.recommended"], "search-terms": ["eslint", "react", "eslint.config.mjs", "ESLint configuration", "plugins", "rules", "parserOptions", "globals"], "state": 2, "file_id": 11, "knowledge_revision": 23, "git_revision": "aba1f482a412cfa0dd89742ea557a5d4b2611ce8", "hash": "be6538e7523bc2e9da0743133d784136", "format-version": 4, "code-base-name": "frontend_react", "filename": "frontend_react/eslint.config.mjs", "revision_history": [{"23": "aba1f482a412cfa0dd89742ea557a5d4b2611ce8"}]}