{"is_source_file": false, "format": "", "description": "", "external_files": [], "external_methods": [], "published": [], "classes": [], "methods": [], "calls": [], "search-terms": ["onboarding", "css", "styles", "stepper", "onb-page", "onb-container", "dropzone", "outputTile", "card", "section", "header", "title", "button"], "state": 2, "file_id": 15, "knowledge_revision": 58, "git_revision": "49f16338d11cd1c14662efea98234d5a10d31280", "hash": "72cb6f8dbfac036a712b54f2758b93f0", "format-version": 4, "code-base-name": "frontend_react", "filename": "frontend_react/src/styles/onboarding.css", "revision_history": [{"58": "49f16338d11cd1c14662efea98234d5a10d31280"}]}