{"is_source_file": false, "format": "", "description": "", "external_files": [], "external_methods": [], "published": [], "classes": [], "methods": [], "calls": [], "search-terms": ["index.css", "CSS", "styles", "CSS import"], "state": 2, "file_id": 5, "knowledge_revision": 23, "git_revision": "398b60afba223b6d0153b6b6a8f8207d706672e8", "hash": "5bd9adab22cf45e0630289a57570e6b7", "format-version": 4, "code-base-name": "frontend_react", "filename": "frontend_react/src/index.css", "revision_history": [{"23": "398b60afba223b6d0153b6b6a8f8207d706672e8"}]}