{"is_source_file": false, "format": "", "description": "", "external_files": [], "external_methods": [], "published": [], "classes": [], "methods": [], "calls": [], "search-terms": [], "state": 2, "file_id": 5, "knowledge_revision": 27, "git_revision": "aba1f482a412cfa0dd89742ea557a5d4b2611ce8", "hash": "5bd9adab22cf45e0630289a57570e6b7", "format-version": 4, "code-base-name": "frontend_react", "filename": "frontend_react/src/index.css", "revision_history": [{"27": "aba1f482a412cfa0dd89742ea557a5d4b2611ce8"}]}