{"is_source_file": false, "format": null, "description": "", "external_files": [], "external_methods": [], "published": [], "classes": [], "methods": [], "calls": [], "search-terms": ["onboarding", "css", "styles", "stepper", "card", "dropzone", "outputTile", "brand", "topBar", "section", "header"], "state": 2, "file_id": 22, "knowledge_revision": 32, "git_revision": "3a2782a25be55dac1b5e34b6ad4c7a47f400b105", "hash": "7c39330789776e2b969e497efa7c0107", "format-version": 4, "code-base-name": "frontend_react", "filename": "frontend_react/src/styles/onboarding.css", "revision_history": [{"32": "3a2782a25be55dac1b5e34b6ad4c7a47f400b105"}]}