{"is_source_file": false, "format": "", "description": "", "external_files": [], "external_methods": [], "published": [], "classes": [], "methods": [], "calls": [], "search-terms": ["onb-page", "topBar", "brandIcon", "onb-container", "stepper", "onb-section", "dropzone", "outputGrid", "configuration form", "primaryBtn", "onb-header", "card", "CSS styling", "responsive design", "react"], "state": 2, "file_id": 15, "knowledge_revision": 42, "git_revision": "bcd3c97365304ff0c69efd17624f74221150857a", "hash": "3733ecd985067c263aba5ad2cc115a3c", "format-version": 4, "code-base-name": "frontend_react", "filename": "frontend_react/src/styles/onboarding.css", "revision_history": [{"42": "bcd3c97365304ff0c69efd17624f74221150857a"}]}