{"is_source_file": true, "format": "JavaScript (React JSX)", "description": "This file defines a React component for the onboarding input page, which includes uploading documents, selecting output type, and configuring company details.", "external_files": ["../components/ProgressStepper", "../components/PageHeader", "../components/UploadDropzone", "../components/OutputTypeSelector", "../styles/onboarding.css"], "external_methods": ["useNavigate", "useMemo", "useState"], "published": [], "classes": [], "methods": [{"name": "OnboardingInputPage()", "description": "Functional React component rendering the onboarding input page with document upload, output selection, and configuration form.", "scope": "", "scopeKind": ""}, {"name": "onNext()", "scope": "OnboardingInputPage", "scopeKind": "function", "description": "unavailable"}], "calls": ["useNavigate()", "useMemo()", "useState()", "navigate()", "UploadDropzone()", "OutputTypeSelector()"], "search-terms": ["OnboardingInputPage", "UploadProject Documents", "OutputTypeSelector", "ProgressStepper", "configuration", "companyName", "targetAudience"], "state": 2, "file_id": 19, "knowledge_revision": 53, "git_revision": "88892181881684d2c9e0b4972f3b1f8bcfabb627", "revision_history": [{"45": "398b60afba223b6d0153b6b6a8f8207d706672e8"}, {"46": "398b60afba223b6d0153b6b6a8f8207d706672e8"}, {"49": "e923cccd15b83ebec6a5aff42da41b1aabb9843c"}, {"53": "88892181881684d2c9e0b4972f3b1f8bcfabb627"}], "ctags": [{"_type": "tag", "name": "OnboardingInputPage", "path": "/home/kavia/workspace/code-generation/solutiongen-platform-26695-26704/frontend_react/src/pages/OnboardingInputPage.js", "pattern": "/^export default function OnboardingInputPage() {$/", "language": "JavaScript", "kind": "function", "signature": "()"}, {"_type": "tag", "name": "companyName", "path": "/home/kavia/workspace/code-generation/solutiongen-platform-26695-26704/frontend_react/src/pages/OnboardingInputPage.js", "pattern": "/^                    value={companyName}$/", "language": "JavaScript", "kind": "field", "scope": "OnboardingInputPage.value", "scopeKind": "class"}, {"_type": "tag", "name": "onNext", "path": "/home/kavia/workspace/code-generation/solutiongen-platform-26695-26704/frontend_react/src/pages/OnboardingInputPage.js", "pattern": "/^  function onNext() {$/", "language": "JavaScript", "kind": "function", "signature": "()", "scope": "OnboardingInputPage", "scopeKind": "function"}, {"_type": "tag", "name": "outputOptions", "path": "/home/kavia/workspace/code-generation/solutiongen-platform-26695-26704/frontend_react/src/pages/OnboardingInputPage.js", "pattern": "/^                options={outputOptions}$/", "language": "JavaScript", "kind": "field", "scope": "OnboardingInputPage.options", "scopeKind": "class"}, {"_type": "tag", "name": "outputType", "path": "/home/kavia/workspace/code-generation/solutiongen-platform-26695-26704/frontend_react/src/pages/OnboardingInputPage.js", "pattern": "/^                value={outputType}$/", "language": "JavaScript", "kind": "field", "scope": "OnboardingInputPage.value", "scopeKind": "class"}, {"_type": "tag", "name": "setOutputType", "path": "/home/kavia/workspace/code-generation/solutiongen-platform-26695-26704/frontend_react/src/pages/OnboardingInputPage.js", "pattern": "/^                onChange={setOutputType}$/", "language": "JavaScript", "kind": "field", "scope": "OnboardingInputPage.onChange", "scopeKind": "class"}, {"_type": "tag", "name": "targetAudience", "path": "/home/kavia/workspace/code-generation/solutiongen-platform-26695-26704/frontend_react/src/pages/OnboardingInputPage.js", "pattern": "/^                    value={targetAudience}$/", "language": "JavaScript", "kind": "field", "scope": "OnboardingInputPage.value", "scopeKind": "class"}], "hash": "a61fe63650b33b7779e7dfb869e94316", "format-version": 4, "code-base-name": "frontend_react", "filename": "frontend_react/src/pages/OnboardingInputPage.js", "fields": [{"name": "value={companyName}", "scope": "OnboardingInputPage.value", "scopeKind": "class", "description": "unavailable"}, {"name": "options={outputOptions}", "scope": "OnboardingInputPage.options", "scopeKind": "class", "description": "unavailable"}, {"name": "value={outputType}", "scope": "OnboardingInputPage.value", "scopeKind": "class", "description": "unavailable"}, {"name": "onChange={setOutputType}", "scope": "OnboardingInputPage.onChange", "scopeKind": "class", "description": "unavailable"}, {"name": "value={targetAudience}", "scope": "OnboardingInputPage.value", "scopeKind": "class", "description": "unavailable"}]}