{"is_source_file": true, "format": "JavaScript (React JSX)", "description": "React component 'OutputTypeSelector' that renders a selectable tile group for choosing an output type, using radio button semantics, with keyboard support and accessibility features.", "external_files": ["react"], "external_methods": ["useId"], "published": ["default"], "classes": [], "methods": [{"name": "OutputTypeSelector({ value, options, onChange })", "description": "React functional component that renders a group of selectable output type tiles with accessibility and keyboard support.", "scope": "", "scopeKind": ""}, {"name": "onKeyDown(e, nextValue)", "scope": "OutputTypeSelector", "scopeKind": "function", "description": "unavailable"}, {"name": "select(nextValue)", "scope": "OutputTypeSelector", "scopeKind": "function", "description": "unavailable"}], "calls": ["useId", "onChange?.(nextValue)", "select(opt.value)", "onKeyDown(e, opt.value)"], "search-terms": ["React", "OutputTypeSelector", "radiogroup", "selectable tiles", "keyboard support", "accessibility", "jsx", "React component", "radio", "tiles"], "state": 2, "file_id": 18, "knowledge_revision": 51, "git_revision": "88892181881684d2c9e0b4972f3b1f8bcfabb627", "revision_history": [{"44": "398b60afba223b6d0153b6b6a8f8207d706672e8"}, {"51": "88892181881684d2c9e0b4972f3b1f8bcfabb627"}], "ctags": [{"_type": "tag", "name": "${groupId}-label", "path": "/home/kavia/workspace/code-generation/solutiongen-platform-26695-26704/frontend_react/src/components/OutputTypeSelector.js", "pattern": "/^        id={`${groupId}-label`}$/", "language": "JavaScript", "kind": "field", "scope": "OutputTypeSelector.id", "scopeKind": "class"}, {"_type": "tag", "name": "${groupId}-label", "path": "/home/kavia/workspace/code-generation/solutiongen-platform-26695-26704/frontend_react/src/components/OutputTypeSelector.js", "pattern": "/^      aria-labelledby={`${groupId}-label`}$/", "language": "JavaScript", "kind": "field", "scope": "OutputTypeSelector.aria", "scopeKind": "class"}, {"_type": "tag", "name": "OutputTypeSelector", "path": "/home/kavia/workspace/code-generation/solutiongen-platform-26695-26704/frontend_react/src/components/OutputTypeSelector.js", "pattern": "/^export default function OutputTypeSelector({ value, options, onChange }) {$/", "language": "JavaScript", "kind": "function", "signature": "({ value, options, onChange })"}, {"_type": "tag", "name": "onKeyDown", "path": "/home/kavia/workspace/code-generation/solutiongen-platform-26695-26704/frontend_react/src/components/OutputTypeSelector.js", "pattern": "/^  function onKeyDown(e, nextValue) {$/", "language": "JavaScript", "kind": "function", "signature": "(e, nextValue)", "scope": "OutputTypeSelector", "scopeKind": "function"}, {"_type": "tag", "name": "select", "path": "/home/kavia/workspace/code-generation/solutiongen-platform-26695-26704/frontend_react/src/components/OutputTypeSelector.js", "pattern": "/^  function select(nextValue) {$/", "language": "JavaScript", "kind": "function", "signature": "(nextValue)", "scope": "OutputTypeSelector", "scopeKind": "function"}], "hash": "be90d2a98b3fbdfdf9a0c604a801f5ae", "format-version": 4, "code-base-name": "frontend_react", "filename": "frontend_react/src/components/OutputTypeSelector.js", "fields": [{"name": "id={`${groupId}-label`}", "scope": "OutputTypeSelector.id", "scopeKind": "class", "description": "unavailable"}, {"name": "aria-labelledby={`${groupId}-label`}", "scope": "OutputTypeSelector.aria", "scopeKind": "class", "description": "unavailable"}]}