{"is_source_file": true, "format": "JavaScript (React JSX)", "description": "This file defines the main application component for a React-based web frontend, setting up routing to onboarding pages and handling navigation fallback.", "external_files": ["./pages/OnboardingInputPage", "./App.css"], "external_methods": ["React", "Navigate", "Route", "Routes"], "published": ["App"], "classes": [], "methods": [{"name": "App()", "description": "Main React component setting up routing for onboarding pages.", "scope": "", "scopeKind": ""}], "calls": ["React", "Navigate", "Route", "Routes", "OnboardingInputPage"], "search-terms": ["React", "routing", "OnboardingInputPage", "App.css", "/onboarding/input", "navigation", "main component"], "state": 2, "file_id": 6, "knowledge_revision": 35, "git_revision": "398b60afba223b6d0153b6b6a8f8207d706672e8", "revision_history": [{"25": "aba1f482a412cfa0dd89742ea557a5d4b2611ce8"}, {"35": "398b60afba223b6d0153b6b6a8f8207d706672e8"}], "ctags": [{"_type": "tag", "name": "App", "path": "/home/kavia/workspace/code-generation/solutiongen-platform-26695-26704/frontend_react/src/App.js", "pattern": "/^function App() {$/", "language": "JavaScript", "kind": "function", "signature": "()"}], "hash": "246722786c0895565641f21cbb12e2c1", "format-version": 4, "code-base-name": "frontend_react", "filename": "frontend_react/src/App.js"}