{"is_source_file": false, "format": "", "description": "", "external_files": [], "external_methods": [], "published": [], "classes": [], "methods": [], "calls": [], "search-terms": [], "state": 2, "file_id": 15, "knowledge_revision": 37, "git_revision": "398b60afba223b6d0153b6b6a8f8207d706672e8", "hash": "554af5c89f748bcc9d3be67c750983cb", "format-version": 4, "code-base-name": "frontend_react", "filename": "frontend_react/src/App.css", "revision_history": [{"37": "398b60afba223b6d0153b6b6a8f8207d706672e8"}]}