{"is_source_file": false, "format": "", "description": "", "external_files": [], "external_methods": [], "published": [], "classes": [], "methods": [], "calls": [], "search-terms": ["onboarding", "styles", "CSS", "onb-page", "topBar", "brand", "stepper", "card", "dropzone", "outputTiles", "buttons", "responsive design", "frontend styles"], "state": 2, "file_id": 15, "knowledge_revision": 57, "git_revision": "d6a63ad457424e8cf161fdc1ca73a0cc38affa1d", "hash": "16e41788cfc1de698e57e6721d133d7e", "format-version": 4, "code-base-name": "frontend_react", "filename": "frontend_react/src/styles/onboarding.css", "revision_history": [{"57": "d6a63ad457424e8cf161fdc1ca73a0cc38affa1d"}]}