{"is_source_file": false, "format": "", "description": "", "external_files": [], "external_methods": [], "published": [], "classes": [], "methods": [], "calls": [], "search-terms": [], "state": 2, "file_id": 8, "knowledge_revision": 19, "git_revision": "aba1f482a412cfa0dd89742ea557a5d4b2611ce8", "hash": "d2b40d02d5f7873d8a6713bad837edd4", "format-version": 4, "code-base-name": "frontend_react", "filename": "frontend_react/public/index.html", "revision_history": [{"19": "aba1f482a412cfa0dd89742ea557a5d4b2611ce8"}]}