{"is_source_file": false, "format": "CSS", "description": "This file defines the styles for onboarding pages in a React frontend project, including layout, typography, component appearance, and responsive design for the onboarding interface.", "external_files": [], "external_methods": [], "published": [], "classes": [], "methods": [], "calls": [], "search-terms": ["onboarding", "styles", "CSS", "onb-page", "stepper", "card", "dropzone", "outputGrid", "section", "primaryBtn", "brand"], "state": 2, "file_id": 15, "knowledge_revision": 52, "git_revision": "5eec0e40290062dd622f78ffe36c6d2dc7fb9c71", "hash": "b080c86512e2887e518e3adcf7584a60", "format-version": 4, "code-base-name": "frontend_react", "filename": "frontend_react/src/styles/onboarding.css", "revision_history": [{"52": "5eec0e40290062dd622f78ffe36c6d2dc7fb9c71"}]}