{"is_source_file": false, "format": "", "description": "", "external_files": [], "external_methods": [], "published": [], "classes": [], "methods": [], "calls": [], "search-terms": ["onboarding", "styles", "CSS", "CSS file", "frontend"], "state": 2, "file_id": 15, "knowledge_revision": 31, "git_revision": "0d9d8a6b3af25fb88096f1bbf8f42d3f3a79d84c", "hash": "fbfa3142849914317877cda4bab5dd16", "format-version": 4, "code-base-name": "frontend_react", "filename": "frontend_react/src/styles/onboarding.css", "revision_history": [{"31": "0d9d8a6b3af25fb88096f1bbf8f42d3f3a79d84c"}]}