{"is_source_file": false, "format": "", "description": "", "external_files": [], "external_methods": [], "published": [], "classes": [], "methods": [], "calls": [], "search-terms": ["onboarding", "css", "styles", "onb-page", "onb-container", "onb-stepper", "dropzone", "outputGrid", "onb-form", "onb-primaryBtn"], "state": 2, "file_id": 14, "knowledge_revision": 48, "git_revision": "e923cccd15b83ebec6a5aff42da41b1aabb9843c", "hash": "6c59ab3a91be8aaddbd28e6b09ad1b6e", "format-version": 4, "code-base-name": "frontend_react", "filename": "frontend_react/src/styles/onboarding.css", "revision_history": [{"48": "e923cccd15b83ebec6a5aff42da41b1aabb9843c"}]}