{"is_source_file": true, "format": "JavaScript (React JSX)", "description": "React component 'OutputTypeSelector' that displays three selectable tiles for choosing an output type. It uses ARIA roles and keyboard support for accessibility.", "external_files": [], "external_methods": ["React", "useId"], "published": ["OutputTypeSelector"], "classes": [], "methods": [{"name": "OutputTypeSelector({ value, options, onChange })", "description": "React functional component for selecting output type via tiles.", "scope": "", "scopeKind": ""}, {"name": "onKeyDown(e, nextValue)", "scope": "OutputTypeSelector", "scopeKind": "function", "description": "unavailable"}, {"name": "select(nextValue)", "scope": "OutputTypeSelector", "scopeKind": "function", "description": "unavailable"}], "calls": ["onChange?.(nextValue)", "useId()", "onKeyDown(e, opt.value)", "select(opt.value)"], "search-terms": ["OutputTypeSelector", "react component", "radiogroup", "keyboard selection", "accessible UI", "tile selection"], "state": 2, "file_id": 18, "knowledge_revision": 44, "git_revision": "398b60afba223b6d0153b6b6a8f8207d706672e8", "ctags": [{"_type": "tag", "name": "OutputTypeSelector", "path": "/home/kavia/workspace/code-generation/solutiongen-platform-26695-26704/frontend_react/src/components/OutputTypeSelector.js", "pattern": "/^export default function OutputTypeSelector({ value, options, onChange }) {$/", "language": "JavaScript", "kind": "function", "signature": "({ value, options, onChange })"}, {"_type": "tag", "name": "onKeyDown", "path": "/home/kavia/workspace/code-generation/solutiongen-platform-26695-26704/frontend_react/src/components/OutputTypeSelector.js", "pattern": "/^  function onKeyDown(e, nextValue) {$/", "language": "JavaScript", "kind": "function", "signature": "(e, nextValue)", "scope": "OutputTypeSelector", "scopeKind": "function"}, {"_type": "tag", "name": "select", "path": "/home/kavia/workspace/code-generation/solutiongen-platform-26695-26704/frontend_react/src/components/OutputTypeSelector.js", "pattern": "/^  function select(nextValue) {$/", "language": "JavaScript", "kind": "function", "signature": "(nextValue)", "scope": "OutputTypeSelector", "scopeKind": "function"}], "hash": "c4ab831e9d8a2383a2bd626279f4b7f9", "format-version": 4, "code-base-name": "frontend_react", "filename": "frontend_react/src/components/OutputTypeSelector.js", "revision_history": [{"44": "398b60afba223b6d0153b6b6a8f8207d706672e8"}]}