{"is_source_file": true, "format": "JavaScript (React component)", "description": "A React functional component defining a top banner with branding elements including an icon, title, and tagline.", "external_files": ["react"], "external_methods": [], "published": ["TopBar"], "classes": [], "methods": [{"name": "TopBar()", "scope": "", "scopeKind": "", "description": "unavailable"}], "calls": ["React"], "search-terms": ["TopBar", "React", "banner", "branding", "logo", "header"], "state": 2, "file_id": 13, "knowledge_revision": 32, "git_revision": "0d9d8a6b3af25fb88096f1bbf8f42d3f3a79d84c", "revision_history": [{"27": ""}, {"32": "0d9d8a6b3af25fb88096f1bbf8f42d3f3a79d84c"}], "ctags": [{"_type": "tag", "name": "TopBar", "path": "/home/kavia/workspace/code-generation/solutiongen-platform-26695-26704/frontend_react/src/components/TopBar.js", "pattern": "/^export default function TopBar() {$/", "language": "JavaScript", "kind": "function", "signature": "()"}], "hash": "4ede4d88c65c597d3f28533058a954ac", "format-version": 4, "code-base-name": "frontend_react", "filename": "frontend_react/src/components/TopBar.js"}