{"is_source_file": false, "format": "CSS", "description": "This file contains styling rules for onboarding page components in a React frontend application, including layout, typography, buttons, cards, and responsive design.", "external_files": [], "external_methods": [], "published": [], "classes": [], "methods": [], "calls": [], "search-terms": ["onboarding", "stepper", "card", "button", "responsive", "layout", "css", "styles", "frontend", "react"], "state": 2, "file_id": 15, "knowledge_revision": 51, "git_revision": "d7ac4ffcdc8b40607981e7338c6d02d6b3c9c1ff", "hash": "70f29ad59905a46358aa09f832fad87d", "format-version": 4, "code-base-name": "frontend_react", "filename": "frontend_react/src/styles/onboarding.css", "revision_history": [{"51": "d7ac4ffcdc8b40607981e7338c6d02d6b3c9c1ff"}]}