{"is_source_file": false, "format": "", "description": "", "external_files": [], "external_methods": [], "published": [], "classes": [], "methods": [], "calls": [], "search-terms": [], "state": 2, "file_id": 7, "knowledge_revision": 21, "git_revision": "aba1f482a412cfa0dd89742ea557a5d4b2611ce8", "ctags": [], "hash": "1a77571e1a8cf36018a41bcedf60db75", "format-version": 4, "code-base-name": "frontend_react", "filename": "frontend_react/src/setupTests.js", "revision_history": [{"21": "aba1f482a412cfa0dd89742ea557a5d4b2611ce8"}]}