{"is_source_file": false, "format": "", "description": "", "external_files": [], "external_methods": [], "published": [], "classes": [], "methods": [], "calls": [], "search-terms": ["onboarding", "styles", "css", "frontend", "react", "onb-page", "stepper", "card", "dropzone"], "state": 2, "file_id": 15, "knowledge_revision": 35, "git_revision": "0d57bdd66402dc6094e6bfe7207f0774a2a90531", "hash": "29fab2a60b7a51af60fb95c10d30d9e2", "format-version": 4, "code-base-name": "frontend_react", "filename": "frontend_react/src/styles/onboarding.css", "revision_history": [{"35": "0d57bdd66402dc6094e6bfe7207f0774a2a90531"}]}