{"is_source_file": false, "format": "", "description": "", "external_files": [], "external_methods": [], "published": [], "classes": [], "methods": [], "calls": [], "search-terms": ["onboarding", "CSS styles", "onb-page", "topBar", "brand", "stepper", "card", "dropzone", "outputGrid", "form"], "state": 2, "file_id": 15, "knowledge_revision": 44, "git_revision": "a30cb0fe54749cf4f2011257da42f0fcb99192af", "hash": "054c8fc2c0bb2800735268a88dd79f09", "format-version": 4, "code-base-name": "frontend_react", "filename": "frontend_react/src/styles/onboarding.css", "revision_history": [{"44": "a30cb0fe54749cf4f2011257da42f0fcb99192af"}]}