{"is_source_file": true, "format": "JavaScript", "description": "Test setup file configuring custom jest matchers for testing React components using @testing-library/jest-dom.", "external_files": ["@testing-library/jest-dom"], "external_methods": ["expect.toHaveTextContent"], "published": [], "classes": [], "methods": [], "calls": ["import '@testing-library/jest-dom'"], "search-terms": ["setupTests.js", "jest-dom", "React testing", "jest matchers", "testing-library"], "state": 2, "file_id": 18, "knowledge_revision": 41, "git_revision": "aba1f482a412cfa0dd89742ea557a5d4b2611ce8", "ctags": [], "hash": "1a77571e1a8cf36018a41bcedf60db75", "format-version": 4, "code-base-name": "frontend_react", "filename": "frontend_react/src/setupTests.js", "revision_history": [{"41": "aba1f482a412cfa0dd89742ea557a5d4b2611ce8"}]}