{"is_source_file": true, "format": "JavaScript (React JSX)", "description": "This file serves as the entry point for a React application, initializing the React DOM and rendering the main App component within a strict mode wrapper.", "external_files": ["react", "react-dom/client", "./index.css", "./App"], "external_methods": ["ReactDOM.createRoot", "root.render"], "published": [], "classes": [], "methods": [{"name": "ReactDOM.createRoot", "description": "Creates a React root for rendering React components into the DOM."}, {"name": "root.render", "description": "Renders the specified React elements into the root DOM node."}], "calls": ["ReactDOM.createRoot", "root.render"], "search-terms": ["index.js", "react-dom", "createRoot", "render", "React.StrictMode"], "state": 2, "file_id": 4, "knowledge_revision": 24, "git_revision": "aba1f482a412cfa0dd89742ea557a5d4b2611ce8", "ctags": [{"_type": "tag", "name": "root", "path": "/home/kavia/workspace/code-generation/solutiongen-platform-26695-26704/frontend_react/src/index.js", "pattern": "/^const root = ReactDOM.createRoot(document.getElementById('root'));$/", "language": "JavaScript", "kind": "constant"}], "hash": "9fc5841375336fc175b49f8767a11383", "format-version": 4, "code-base-name": "frontend_react", "filename": "frontend_react/src/index.js", "revision_history": [{"24": "aba1f482a412cfa0dd89742ea557a5d4b2611ce8"}]}