{"is_source_file": false, "format": "", "description": "", "external_files": [], "external_methods": [], "published": [], "classes": [], "methods": [], "calls": [], "search-terms": ["onboarding", "styles", "react", "CSS", ".onb-page", ".topBar", ".brand", ".brandIcon", ".onb-container", ".onb-stepper", ".onb-step", ".onb-header", ".onb-title", ".onb-section", ".onb-card", ".dropzone", ".outputGrid", ".outputTile", ".onb-form", ".onb-primaryBtn"], "state": 2, "file_id": 15, "knowledge_revision": 59, "git_revision": "c52782ceee394742b8c1683c27c1199c4909337b", "hash": "fdd13eb0383ad2d443dd170e8bfb6672", "format-version": 4, "code-base-name": "frontend_react", "filename": "frontend_react/src/styles/onboarding.css", "revision_history": [{"59": "c52782ceee394742b8c1683c27c1199c4909337b"}]}