{"is_source_file": false, "format": "", "description": "", "external_files": [], "external_methods": [], "published": [], "classes": [], "methods": [], "calls": [], "search-terms": ["onboarding.css", "styles", "onboarding", "stepper", "card header", "brand", "dropzone", "output tiles", "primary button", "responsive"], "state": 2, "file_id": 15, "knowledge_revision": 54, "git_revision": "2ef1191455a9b6defd4d1e8d86261bee1910e685", "hash": "070af752547a825488213d7371fb798e", "format-version": 4, "code-base-name": "frontend_react", "filename": "frontend_react/src/styles/onboarding.css", "revision_history": [{"54": "2ef1191455a9b6defd4d1e8d86261bee1910e685"}]}