{"is_source_file": false, "format": "", "description": "", "external_files": [], "external_methods": [], "published": [], "classes": [], "methods": [], "calls": [], "search-terms": ["onboarding", "styles", "CSS", "frontend", "page header", "stepper", "card", "dropzone", "output grid", "form", "button"], "state": 2, "file_id": 15, "knowledge_revision": 60, "git_revision": "689cd63572ec0cd37f6254f9af94db731a9dcd3f", "hash": "7f5adee0f997eb01264c7ec0c1058c14", "format-version": 4, "code-base-name": "frontend_react", "filename": "frontend_react/src/styles/onboarding.css", "revision_history": [{"60": "689cd63572ec0cd37f6254f9af94db731a9dcd3f"}]}