{"is_source_file": true, "format": "JavaScript (React/JSX)", "description": "This file serves as the entry point for a React application, initializing React DOM rendering, setting up routing with BrowserRouter, and rendering the main App component.", "external_files": ["react", "react-dom/client", "react-router-dom", "./index.css", "./App"], "external_methods": ["ReactDOM.createRoot", "root.render"], "published": [], "classes": [], "methods": [], "calls": ["ReactDOM.createRoot", "root.render", "<React.StrictMode>", "<BrowserRouter>", "<App />"], "search-terms": ["ReactDOM", "index.js", "BrowserRouter", "App", "React.StrictMode"], "state": 2, "file_id": 19, "knowledge_revision": 24, "git_revision": "398b60afba223b6d0153b6b6a8f8207d706672e8", "ctags": [{"_type": "tag", "name": "root", "path": "/home/kavia/workspace/code-generation/solutiongen-platform-26695-26704/frontend_react/src/index.js", "pattern": "/^const root = ReactDOM.createRoot(document.getElementById(\"root\"));$/", "language": "JavaScript", "kind": "constant"}], "hash": "cdf2a45db864983860baaaa16173e219", "format-version": 4, "code-base-name": "frontend_react", "filename": "frontend_react/src/index.js", "revision_history": [{"24": "398b60afba223b6d0153b6b6a8f8207d706672e8"}]}