{"is_source_file": false, "format": "", "description": "", "external_files": [], "external_methods": [], "published": [], "classes": [], "methods": [], "calls": [], "search-terms": [], "state": 2, "file_id": 7, "knowledge_revision": 17, "git_revision": "d210bb8b432408239c81b44c7a91e64d92dec4ad", "hash": "d001d53c059625c4bcf75bf5a7f3fcf0", "format-version": 4, "code-base-name": "frontend_react", "filename": "frontend_react/package.json", "revision_history": [{"17": "d210bb8b432408239c81b44c7a91e64d92dec4ad"}]}