{"is_source_file": true, "format": "JavaScript module (.mjs)", "description": "ESLint configuration file for a React project, setting environment, parser options, globals, and plugin rules.", "external_files": ["@eslint/js", "eslint-plugin-react"], "external_methods": [], "published": [], "classes": [], "methods": [], "calls": ["pluginJs.configs.recommended", "pluginReact"], "search-terms": ["eslint", "react", "eslint.config.mjs", "ESLint configuration", "react plugin", "parserOptions", "rules"], "state": 2, "file_id": 10, "knowledge_revision": 22, "git_revision": "d210bb8b432408239c81b44c7a91e64d92dec4ad", "hash": "be6538e7523bc2e9da0743133d784136", "format-version": 4, "code-base-name": "frontend_react", "filename": "frontend_react/eslint.config.mjs", "revision_history": [{"22": "d210bb8b432408239c81b44c7a91e64d92dec4ad"}]}