{"is_source_file": true, "format": "JavaScript (React JSX)", "description": "This file defines a React component named App that manages a theme state and provides a toggle button to switch between light and dark themes. It includes UI elements like a button, image, and links, and applies the theme dynamically to the document.", "external_files": ["./logo.svg", "./App.css"], "external_methods": [], "published": ["App"], "classes": [], "methods": [{"name": "App()", "description": "React functional component implementing theme toggle functionality with a button and UI elements.", "scope": "", "scopeKind": ""}, {"name": "toggleTheme", "description": "Function to switch theme state between 'light' and 'dark'."}], "calls": ["React.useState", "React.useEffect", "document.documentElement.setAttribute"], "search-terms": ["React component", "theme toggle", "useState", "useEffect", "dark mode", "light mode", "App.js", "UI toggle button"], "state": 2, "file_id": 6, "knowledge_revision": 25, "git_revision": "aba1f482a412cfa0dd89742ea557a5d4b2611ce8", "ctags": [{"_type": "tag", "name": "App", "path": "/home/kavia/workspace/code-generation/solutiongen-platform-26695-26704/frontend_react/src/App.js", "pattern": "/^function App() {$/", "language": "JavaScript", "kind": "function", "signature": "()"}, {"_type": "tag", "name": "Switch to ${theme === 'light' ? 'dark' : 'light'} mode", "path": "/home/kavia/workspace/code-generation/solutiongen-platform-26695-26704/frontend_react/src/App.js", "pattern": "/^          aria-label={`Switch to ${theme === 'light' ? 'dark' : 'light'} mode`}$/", "language": "JavaScript", "kind": "field", "scope": "App.aria", "scopeKind": "class"}, {"_type": "tag", "name": "toggleTheme", "path": "/home/kavia/workspace/code-generation/solutiongen-platform-26695-26704/frontend_react/src/App.js", "pattern": "/^          onClick={toggleTheme}$/", "language": "JavaScript", "kind": "field", "scope": "App.onClick", "scopeKind": "class"}], "hash": "b55dd9e6a018e59207d8e277dffd9e11", "format-version": 4, "code-base-name": "frontend_react", "filename": "frontend_react/src/App.js", "fields": [{"name": "aria-label={`Switch to ${theme === 'light' ? 'dark' : 'light'} mode`}", "scope": "App.aria", "scopeKind": "class", "description": "unavailable"}, {"name": "onClick={toggleTheme}", "scope": "App.onClick", "scopeKind": "class", "description": "unavailable"}], "revision_history": [{"25": "aba1f482a412cfa0dd89742ea557a5d4b2611ce8"}]}