{"is_source_file": false, "format": "", "description": "", "external_files": [], "external_methods": [], "published": [], "classes": [], "methods": [], "calls": [], "search-terms": ["onboarding.css", "onb-page", "topBar", "brand", "brandIcon", "brandText", "brandTitle", "brandTagline", "onb-container", "onb-stepper", "onb-step", "onb-stepNumber", "onb-header", "onb-title", "onb-subtitle", "onb-section", "onb-sectionTitle", "onb-card", "onb-cardHeader", "dropzone", "outputGrid", "outputTile", "onb-form", "onb-input", "onb-primaryBtn"], "state": 2, "file_id": 15, "knowledge_revision": 56, "git_revision": "da013acb6fccdc293738c5786ccc06c981665de2", "hash": "c02f45bbc0f634be227a295eff7e5b2d", "format-version": 4, "code-base-name": "frontend_react", "filename": "frontend_react/src/styles/onboarding.css", "revision_history": [{"56": "da013acb6fccdc293738c5786ccc06c981665de2"}]}