{"is_source_file": false, "format": "JSON", "description": "This is a manifest configuration file typically used in web applications to define application metadata such as icons, name, start URL, display mode, and theme colors.", "external_files": [], "external_methods": [], "published": [], "classes": [], "methods": [], "calls": [], "search-terms": ["manifest", "web app configuration", "icons", "start_url", "display", "theme_color"], "state": 2, "file_id": 9, "knowledge_revision": 19, "git_revision": "", "hash": null, "format-version": 4, "code-base-name": "frontend_react", "filename": "frontend_react/public/manifest.json", "revision_history": [{"19": ""}]}