{"is_source_file": false, "format": "", "description": "", "external_files": [], "external_methods": [], "published": [], "classes": [], "methods": [], "calls": [], "search-terms": [], "state": 2, "file_id": 11, "knowledge_revision": 19, "git_revision": "d210bb8b432408239c81b44c7a91e64d92dec4ad", "hash": "ebece526bc2eadd78ddd787a76c56607", "format-version": 4, "code-base-name": "frontend_react", "filename": "frontend_react/README.md", "revision_history": [{"19": "d210bb8b432408239c81b44c7a91e64d92dec4ad"}]}