{"is_source_file": false, "format": "CSS", "description": "CSS stylesheet for onboarding page styles, including layout, branding, stepper, cards, dropzones, output tiles, forms, buttons, and responsive design.", "external_files": [], "external_methods": [], "published": [], "classes": [], "methods": [], "calls": [], "search-terms": ["onboarding", "stepper", "card", "dropzone", "outputTile", "brand", "header", "responsive", "primaryBtn", "CSS"], "state": 2, "file_id": 22, "knowledge_revision": 29, "git_revision": "bb0e0e423bbf4ddb5aead0a6e3c5d636580cbcb9", "hash": "c6727e79d977cbad4b116f36265385e4", "format-version": 4, "code-base-name": "frontend_react", "filename": "frontend_react/src/styles/onboarding.css", "revision_history": [{"29": "bb0e0e423bbf4ddb5aead0a6e3c5d636580cbcb9"}]}