{"is_source_file": true, "format": "JavaScript (React JSX)", "description": "Defines a React functional component named 'App' that manages a theme toggle (light/dark) and renders UI elements including a button, logo, and links.", "external_files": ["./logo.svg", "./App.css"], "external_methods": ["React.useState", "React.useEffect"], "published": ["App"], "classes": [], "methods": [{"name": "App()", "description": "React functional component that manages theme state and renders UI.", "scope": "", "scopeKind": ""}, {"name": "toggleTheme", "description": "Function to switch between light and dark themes."}], "calls": ["React.useState", "React.useEffect", "document.documentElement.setAttribute", "setTheme", "toggleTheme"], "search-terms": ["React component", "theme toggle", "useState", "useEffect", "App.js", "React JSX", "UI rendering"], "state": 2, "file_id": 4, "knowledge_revision": 25, "git_revision": "d210bb8b432408239c81b44c7a91e64d92dec4ad", "ctags": [{"_type": "tag", "name": "App", "path": "/home/kavia/workspace/code-generation/solutiongen-platform-26695-26704/frontend_react/src/App.js", "pattern": "/^function App() {$/", "language": "JavaScript", "kind": "function", "signature": "()"}, {"_type": "tag", "name": "Switch to ${theme === 'light' ? 'dark' : 'light'} mode", "path": "/home/kavia/workspace/code-generation/solutiongen-platform-26695-26704/frontend_react/src/App.js", "pattern": "/^          aria-label={`Switch to ${theme === 'light' ? 'dark' : 'light'} mode`}$/", "language": "JavaScript", "kind": "field", "scope": "App.aria", "scopeKind": "class"}, {"_type": "tag", "name": "toggleTheme", "path": "/home/kavia/workspace/code-generation/solutiongen-platform-26695-26704/frontend_react/src/App.js", "pattern": "/^          onClick={toggleTheme}$/", "language": "JavaScript", "kind": "field", "scope": "App.onClick", "scopeKind": "class"}], "hash": "b55dd9e6a018e59207d8e277dffd9e11", "format-version": 4, "code-base-name": "frontend_react", "filename": "frontend_react/src/App.js", "fields": [{"name": "aria-label={`Switch to ${theme === 'light' ? 'dark' : 'light'} mode`}", "scope": "App.aria", "scopeKind": "class", "description": "unavailable"}, {"name": "onClick={toggleTheme}", "scope": "App.onClick", "scopeKind": "class", "description": "unavailable"}], "revision_history": [{"25": "d210bb8b432408239c81b44c7a91e64d92dec4ad"}]}