{"is_source_file": false, "format": "", "description": "", "external_files": [], "external_methods": [], "published": [], "classes": [], "methods": [], "calls": [], "search-terms": ["onboarding", "CSS styles", "frontend", "react onboarding styles", "stepper", "card header"], "state": 2, "file_id": 22, "knowledge_revision": 31, "git_revision": "1c5c6c169bd87892ccfef6cee70ebfd43f821bba", "hash": "456513c11102a4e2286f007a7cd76d3b", "format-version": 4, "code-base-name": "frontend_react", "filename": "frontend_react/src/styles/onboarding.css", "revision_history": [{"31": "1c5c6c169bd87892ccfef6cee70ebfd43f821bba"}]}