{"is_source_file": false, "format": "", "description": "", "external_files": [], "external_methods": [], "published": [], "classes": [], "methods": [], "calls": [], "search-terms": ["onboarding", "styles", "css", "onb-page", "onb-header", "onb-container", "dropzone", "outputGrid", "primaryBtn", "onb-section", "card", "stepper"], "state": 2, "file_id": 15, "knowledge_revision": 36, "git_revision": "f409755f53bac467aa58383361064c7f4f342af3", "hash": "1a96475bb75324aa06f92ea648269705", "format-version": 4, "code-base-name": "frontend_react", "filename": "frontend_react/src/styles/onboarding.css", "revision_history": [{"36": "f409755f53bac467aa58383361064c7f4f342af3"}]}