{"is_source_file": false, "format": "", "description": "", "external_files": [], "external_methods": [], "published": [], "classes": [], "methods": [], "calls": [], "search-terms": ["onboarding", "styles", "css", "onb-page", "onb-container", "onb-stepper", "onb-step", "onb-header", "onb-title", "onb-subtitle", "onb-section", "onb-card", "dropzone", "outputGrid", "onb-form", "onb-label", "onb-input", "onb-actions", "onb-primaryBtn", "onb-muted"], "state": 2, "file_id": 14, "knowledge_revision": 54, "git_revision": "f2199702b48de8e5643313e2f02b8848d1af3f27", "hash": "b4d5a003b0597a1d8bb0ef9cec6a73ec", "format-version": 4, "code-base-name": "frontend_react", "filename": "frontend_react/src/styles/onboarding.css", "revision_history": [{"54": "f2199702b48de8e5643313e2f02b8848d1af3f27"}]}