{"is_source_file": true, "format": "JavaScript", "description": "A test setup file configuring custom matchers for testing DOM nodes using jest-dom, part of the testing setup for a React frontend project.", "external_files": ["@testing-library/jest-dom"], "external_methods": [], "published": [], "classes": [], "methods": [], "calls": ["import '@testing-library/jest-dom'"], "search-terms": ["setupTests.js", "jest-dom", "testing-library", "React", "testing setup"], "state": 2, "file_id": 3, "knowledge_revision": 21, "git_revision": "d210bb8b432408239c81b44c7a91e64d92dec4ad", "ctags": [], "hash": "1a77571e1a8cf36018a41bcedf60db75", "format-version": 4, "code-base-name": "frontend_react", "filename": "frontend_react/src/setupTests.js", "revision_history": [{"21": "d210bb8b432408239c81b44c7a91e64d92dec4ad"}]}