{"is_source_file": false, "format": "", "description": "", "external_files": [], "external_methods": [], "published": [], "classes": [], "methods": [], "calls": [], "search-terms": [], "state": 2, "file_id": 12, "knowledge_revision": 35, "git_revision": "aba1f482a412cfa0dd89742ea557a5d4b2611ce8", "hash": "be6538e7523bc2e9da0743133d784136", "format-version": 4, "code-base-name": "frontend_react", "filename": "frontend_react/eslint.config.mjs", "revision_history": [{"35": "aba1f482a412cfa0dd89742ea557a5d4b2611ce8"}]}