{"is_source_file": false, "format": "CSS", "description": "This file contains CSS styles defining the layout and appearance of onboarding-related UI components for a web application, including headers, sections, cards, buttons, and responsiveness settings.", "external_files": [], "external_methods": [], "published": [], "classes": [], "methods": [], "calls": [], "search-terms": ["onboarding", "onb-header", "onb-card", "dropzone", "outputGrid", "styles", "front-end", "UI components", "CSS", "responsive"], "state": 2, "file_id": 15, "knowledge_revision": 40, "git_revision": "31f8135bbacb31b721809c7efbd51b5709fc4fe5", "hash": "97bf9a42c2093eb840e1f982f282feed", "format-version": 4, "code-base-name": "frontend_react", "filename": "frontend_react/src/styles/onboarding.css", "revision_history": [{"40": "31f8135bbacb31b721809c7efbd51b5709fc4fe5"}]}