{"is_source_file": true, "format": "HTML", "description": "This is the main HTML template for a React-based web application, setting up the document structure, meta tags, external font links, icons, and a root div for rendering the React components.", "external_files": ["%PUBLIC_URL%/favicon.ico", "%PUBLIC_URL%/logo192.png", "%PUBLIC_URL%/manifest.json"], "external_methods": [], "published": [], "classes": [], "methods": [], "calls": [], "search-terms": ["React", "index.html", "HTML template", "public folder", "root div", "meta tags", "font links", "bundle scripts", "template"], "state": 2, "file_id": 8, "knowledge_revision": 22, "git_revision": "aba1f482a412cfa0dd89742ea557a5d4b2611ce8", "hash": "d2b40d02d5f7873d8a6713bad837edd4", "format-version": 4, "code-base-name": "frontend_react", "filename": "frontend_react/public/index.html", "revision_history": [{"22": "aba1f482a412cfa0dd89742ea557a5d4b2611ce8"}]}