{"is_source_file": false, "format": "", "description": "", "external_files": [], "external_methods": [], "published": [], "classes": [], "methods": [], "calls": [], "search-terms": ["onboarding", "css styles", "stepper", "card", "dropzone", "header", "title"], "state": 2, "file_id": 22, "knowledge_revision": 34, "git_revision": "2a6ffdb9e0de3972327f308e2a932fed9910f3e9", "hash": "0fcc4a4a8a64f5c9bd5103a1ff44ee9c", "format-version": 4, "code-base-name": "frontend_react", "filename": "frontend_react/src/styles/onboarding.css", "revision_history": [{"34": "2a6ffdb9e0de3972327f308e2a932fed9910f3e9"}]}