{"is_source_file": true, "format": "JavaScript (React)", "description": "This file is the main application component for a React frontend, setting up routing for onboarding pages and default navigation.", "external_files": ["react", "react-router-dom", "./pages/OnboardingInputPage", "./App.css"], "external_methods": ["React, { default as react }", "Navigate", "Route", "Routes"], "published": ["App"], "classes": [], "methods": [{"name": "App()", "description": "Main React component that sets up routing for the onboarding flow pages.", "scope": "", "scopeKind": ""}], "calls": ["React", "Navigate", "Route", "Routes"], "search-terms": ["React routing", "OnboardingInputPage", "Main App component", "frontend React"], "state": 2, "file_id": 1, "knowledge_revision": 22, "git_revision": "398b60afba223b6d0153b6b6a8f8207d706672e8", "ctags": [{"_type": "tag", "name": "App", "path": "/home/kavia/workspace/code-generation/solutiongen-platform-26695-26704/frontend_react/src/App.js", "pattern": "/^function App() {$/", "language": "JavaScript", "kind": "function", "signature": "()"}], "hash": "246722786c0895565641f21cbb12e2c1", "format-version": 4, "code-base-name": "frontend_react", "filename": "frontend_react/src/App.js", "revision_history": [{"22": "398b60afba223b6d0153b6b6a8f8207d706672e8"}]}