{"is_source_file": false, "format": "", "description": "", "external_files": [], "external_methods": [], "published": [], "classes": [], "methods": [], "calls": [], "search-terms": ["onboarding", "styles", "onb-header", "onb-card", "dropzone", "outputTile", "stepper", "brand", "page_heading"], "state": 2, "file_id": 15, "knowledge_revision": 34, "git_revision": "fabea170bda0927e32a9eb4376df663545b4aa51", "hash": "b80152688e3442f24e7235ad6d16c1b5", "format-version": 4, "code-base-name": "frontend_react", "filename": "frontend_react/src/styles/onboarding.css", "revision_history": [{"34": "fabea170bda0927e32a9eb4376df663545b4aa51"}]}