{"is_source_file": true, "format": "JavaScript (React JSX)", "description": "This file defines a React functional component 'OnboardingInputPage' that renders an onboarding page with progress indicator, header, upload dropzone, output type selector, and some informational text.", "external_files": ["../components/ProgressStepper", "../components/PageHeader", "../components/UploadDropzone", "../components/OutputTypeSelector", "../styles/onboarding.css"], "external_methods": ["useMemo", "useState"], "published": [], "classes": [], "methods": [{"name": "OnboardingInputPage()", "description": "React functional component that renders the onboarding input page with multiple subcomponents and state management.", "scope": "", "scopeKind": ""}], "calls": ["React", "useMemo", "useState", "ProgressStepper", "PageHeader", "UploadDropzone", "OutputTypeSelector"], "search-terms": ["OnboardingInputPage", "React component", "upload documents", "output type selector", "progress stepper", "onboarding"], "state": 2, "file_id": 19, "knowledge_revision": 45, "git_revision": "398b60afba223b6d0153b6b6a8f8207d706672e8", "ctags": [{"_type": "tag", "name": "OnboardingInputPage", "path": "/home/kavia/workspace/code-generation/solutiongen-platform-26695-26704/frontend_react/src/pages/OnboardingInputPage.js", "pattern": "/^export default function OnboardingInputPage() {$/", "language": "JavaScript", "kind": "function", "signature": "()"}, {"_type": "tag", "name": "outputOptions", "path": "/home/kavia/workspace/code-generation/solutiongen-platform-26695-26704/frontend_react/src/pages/OnboardingInputPage.js", "pattern": "/^          options={outputOptions}$/", "language": "JavaScript", "kind": "field", "scope": "OnboardingInputPage.options", "scopeKind": "class"}, {"_type": "tag", "name": "outputType", "path": "/home/kavia/workspace/code-generation/solutiongen-platform-26695-26704/frontend_react/src/pages/OnboardingInputPage.js", "pattern": "/^          value={outputType}$/", "language": "JavaScript", "kind": "field", "scope": "OnboardingInputPage.value", "scopeKind": "class"}, {"_type": "tag", "name": "setOutputType", "path": "/home/kavia/workspace/code-generation/solutiongen-platform-26695-26704/frontend_react/src/pages/OnboardingInputPage.js", "pattern": "/^          onChange={setOutputType}$/", "language": "JavaScript", "kind": "field", "scope": "OnboardingInputPage.onChange", "scopeKind": "class"}], "hash": "f5aa5b8c337e1691a530a944e89f6d82", "format-version": 4, "code-base-name": "frontend_react", "filename": "frontend_react/src/pages/OnboardingInputPage.js", "fields": [{"name": "options={outputOptions}", "scope": "OnboardingInputPage.options", "scopeKind": "class", "description": "unavailable"}, {"name": "value={outputType}", "scope": "OnboardingInputPage.value", "scopeKind": "class", "description": "unavailable"}, {"name": "onChange={setOutputType}", "scope": "OnboardingInputPage.onChange", "scopeKind": "class", "description": "unavailable"}], "revision_history": [{"45": "398b60afba223b6d0153b6b6a8f8207d706672e8"}]}