{"is_source_file": false, "format": "", "description": "", "external_files": [], "external_methods": [], "published": [], "classes": [], "methods": [], "calls": [], "search-terms": ["onboarding", "styles", "CSS", "frontend", "page layout", "stepper", "card", "dropzone", "output tiles", "form controls"], "state": 2, "file_id": 15, "knowledge_revision": 33, "git_revision": "f1641e6583f6ba75ce8d4b907acb7c5db46cf0d2", "hash": "8392a8494b0938f02d586e3ef176b12c", "format-version": 4, "code-base-name": "frontend_react", "filename": "frontend_react/src/styles/onboarding.css", "revision_history": [{"33": "f1641e6583f6ba75ce8d4b907acb7c5db46cf0d2"}]}