{"is_source_file": false, "format": "", "description": "", "external_files": [], "external_methods": [], "published": [], "classes": [], "methods": [], "calls": [], "search-terms": ["onboarding", "styles", "CSS", "frontend", "react", "onb-container", "onb-stepper", "dropzone", "outputGrid", "primaryBtn"], "state": 2, "file_id": 15, "knowledge_revision": 29, "git_revision": "0d9d8a6b3af25fb88096f1bbf8f42d3f3a79d84c", "hash": "cf75cf72fbcdd2a08f7e464cc6001d9b", "format-version": 4, "code-base-name": "frontend_react", "filename": "frontend_react/src/styles/onboarding.css", "revision_history": [{"29": "0d9d8a6b3af25fb88096f1bbf8f42d3f3a79d84c"}]}