{"is_source_file": false, "format": "", "description": "", "external_files": [], "external_methods": [], "published": [], "classes": [], "methods": [], "calls": [], "search-terms": ["onboarding", "styles", "CSS classes", "onb-page", "onb-container", "stepper", "dropzone", "outputTile", "primaryBtn", "brand", "brandIcon", "brandText"], "state": 2, "file_id": 22, "knowledge_revision": 30, "git_revision": "fe191769ed154f68cbb81d0606a637ddd85257ff", "hash": "e3b9b53cc147e15b36f218ec85356772", "format-version": 4, "code-base-name": "frontend_react", "filename": "frontend_react/src/styles/onboarding.css", "revision_history": [{"30": "fe191769ed154f68cbb81d0606a637ddd85257ff"}]}