{"is_source_file": false, "format": "CSS", "description": "This file contains CSS styles for onboarding pages, including layout, typography, components such as cards, headers, stepper, buttons, and responsive design elements.", "external_files": [], "external_methods": [], "published": [], "classes": [], "methods": [], "calls": [], "search-terms": ["onboarding", "stepper", "card", "header", "button", "responsive design", "CSS styles", "layout", "component styles", "frontend styles"], "state": 2, "file_id": 15, "knowledge_revision": 38, "git_revision": "8fb4db92e9228e9e176aaa609a9867f84bbf27fd", "hash": "ae7333d64ad64f1a31ce5fae243f5850", "format-version": 4, "code-base-name": "frontend_react", "filename": "frontend_react/src/styles/onboarding.css", "revision_history": [{"38": "8fb4db92e9228e9e176aaa609a9867f84bbf27fd"}]}