{"is_source_file": false, "format": "CSS", "description": "This file contains CSS styles for onboarding pages, including layout, header, stepper, cards, dropzones, output tiles, forms, buttons, and responsive design adjustments.", "external_files": [], "external_methods": [], "published": [], "classes": [], "methods": [], "calls": [], "search-terms": ["onboarding", "stepper", "dropzone", "outputTile", "onb-header", "onb-card"], "state": 2, "file_id": 15, "knowledge_revision": 41, "git_revision": "436e62a51ace934be78822a083ec6967d1fc22a7", "hash": "994e3dbc30fd0f9c7ce7f04ba8785e7b", "format-version": 4, "code-base-name": "frontend_react", "filename": "frontend_react/src/styles/onboarding.css", "revision_history": [{"41": "436e62a51ace934be78822a083ec6967d1fc22a7"}]}