{"is_source_file": true, "format": "JavaScript (React JSX)", "description": "This file is the entry point for a React application, responsible for rendering the root component into the DOM and setting up routing with React Router.", "external_files": ["react", "react-dom/client", "react-router-dom", "./index.css", "./App"], "external_methods": ["ReactDOM.createRoot", "root.render"], "published": [], "classes": [], "methods": [{"name": "ReactDOM.createRoot", "description": "Creates a root for rendering React components into the DOM."}, {"name": "root.render", "description": "Renders React elements into the root DOM node."}], "calls": ["ReactDOM.createRoot", "root.render", "<React.StrictMode>", "<BrowserRouter>", "<App />"], "search-terms": ["index.js", "React", "ReactDOM", "BrowserRouter", "App", "React.StrictMode", "react-router-dom"], "state": 2, "file_id": 4, "knowledge_revision": 37, "git_revision": "398b60afba223b6d0153b6b6a8f8207d706672e8", "revision_history": [{"24": "aba1f482a412cfa0dd89742ea557a5d4b2611ce8"}, {"37": "398b60afba223b6d0153b6b6a8f8207d706672e8"}], "ctags": [{"_type": "tag", "name": "root", "path": "/home/kavia/workspace/code-generation/solutiongen-platform-26695-26704/frontend_react/src/index.js", "pattern": "/^const root = ReactDOM.createRoot(document.getElementById(\"root\"));$/", "language": "JavaScript", "kind": "constant"}], "hash": "cdf2a45db864983860baaaa16173e219", "format-version": 4, "code-base-name": "frontend_react", "filename": "frontend_react/src/index.js"}