{"is_source_file": true, "file_id": 15, "git_revision": "", "state": 1, "description": "", "external_files": [], "external_methods": [], "published": [], "classes": [], "methods": [], "calls": [], "search-terms": [], "ctags": [{"_type": "tag", "name": "ProgressStepper", "path": "/home/kavia/workspace/code-generation/solutiongen-platform-26695-26704/frontend_react/src/components/ProgressStepper.js", "pattern": "/^export default function ProgressStepper({ currentStep, steps }) {$/", "language": "JavaScript", "kind": "function", "signature": "({ currentStep, steps })"}], "format": "JavaScript", "hash": "fd5e4b6c28e3e6acfe126639f609c66f", "format-version": 4, "code-base-name": "frontend_react", "filename": "frontend_react/src/components/ProgressStepper.js", "knowledge_revision": 29}