{"is_source_file": false, "format": "", "description": "", "external_files": [], "external_methods": [], "published": [], "classes": [], "methods": [], "calls": [], "search-terms": [], "state": 2, "file_id": 5, "knowledge_revision": 30, "git_revision": "398b60afba223b6d0153b6b6a8f8207d706672e8", "hash": "afbfa84eeccb7015d1e4e6fd820186fa", "format-version": 4, "code-base-name": "frontend_react", "filename": "frontend_react/src/index.css", "revision_history": [{"30": "398b60afba223b6d0153b6b6a8f8207d706672e8"}]}