{"is_source_file": false, "format": "", "description": "", "external_files": [], "external_methods": [], "published": [], "classes": [], "methods": [], "calls": [], "search-terms": ["onboarding", "styles", "CSS", "frontend", "react"], "state": 2, "file_id": 15, "knowledge_revision": 47, "git_revision": "d3f20f06ee5d1527e5f261e6ff987a1f03711356", "hash": "cb53cc041bee24da1cc3463a34e481ed", "format-version": 4, "code-base-name": "frontend_react", "filename": "frontend_react/src/styles/onboarding.css", "revision_history": [{"47": "d3f20f06ee5d1527e5f261e6ff987a1f03711356"}]}