{"is_source_file": true, "format": "JavaScript (React JSX)", "description": "This file defines the React component `OnboardingInputPage`, which manages the onboarding input step in a web application's user interface. It includes UI elements for uploading documents, selecting output types, and configuring company details.", "external_files": ["../components/ProgressStepper", "../components/PageHeader", "../components/UploadDropzone", "../components/OutputTypeSelector", "../styles/onboarding.css"], "external_methods": ["useNavigate"], "published": ["default"], "classes": [], "methods": [{"name": "onNext()", "description": "Handles navigation to the next step, currently a placeholder that tries to navigate to the `/gap-analysis` route, and logs state if navigation is not possible.", "scope": "OnboardingInputPage", "scopeKind": "function"}, {"name": "OnboardingInputPage()", "scope": "", "scopeKind": "", "description": "unavailable"}], "calls": ["useNavigate", "useMemo", "useState", "navigate", "console.log"], "search-terms": ["OnboardingInputPage", "ProgressStepper", "OutputTypeSelector", "UploadDropzone", "react-router-dom", "onboarding", "configuration", "document upload", "React component", "jsx"], "state": 2, "file_id": 19, "knowledge_revision": 46, "git_revision": "398b60afba223b6d0153b6b6a8f8207d706672e8", "revision_history": [{"45": "398b60afba223b6d0153b6b6a8f8207d706672e8"}, {"46": "398b60afba223b6d0153b6b6a8f8207d706672e8"}], "ctags": [{"_type": "tag", "name": "OnboardingInputPage", "path": "/home/kavia/workspace/code-generation/solutiongen-platform-26695-26704/frontend_react/src/pages/OnboardingInputPage.js", "pattern": "/^export default function OnboardingInputPage() {$/", "language": "JavaScript", "kind": "function", "signature": "()"}, {"_type": "tag", "name": "companyName", "path": "/home/kavia/workspace/code-generation/solutiongen-platform-26695-26704/frontend_react/src/pages/OnboardingInputPage.js", "pattern": "/^                value={companyName}$/", "language": "JavaScript", "kind": "field", "scope": "OnboardingInputPage.value", "scopeKind": "class"}, {"_type": "tag", "name": "onNext", "path": "/home/kavia/workspace/code-generation/solutiongen-platform-26695-26704/frontend_react/src/pages/OnboardingInputPage.js", "pattern": "/^  function onNext() {$/", "language": "JavaScript", "kind": "function", "signature": "()", "scope": "OnboardingInputPage", "scopeKind": "function"}, {"_type": "tag", "name": "outputOptions", "path": "/home/kavia/workspace/code-generation/solutiongen-platform-26695-26704/frontend_react/src/pages/OnboardingInputPage.js", "pattern": "/^          options={outputOptions}$/", "language": "JavaScript", "kind": "field", "scope": "OnboardingInputPage.options", "scopeKind": "class"}, {"_type": "tag", "name": "outputType", "path": "/home/kavia/workspace/code-generation/solutiongen-platform-26695-26704/frontend_react/src/pages/OnboardingInputPage.js", "pattern": "/^          value={outputType}$/", "language": "JavaScript", "kind": "field", "scope": "OnboardingInputPage.value", "scopeKind": "class"}, {"_type": "tag", "name": "setOutputType", "path": "/home/kavia/workspace/code-generation/solutiongen-platform-26695-26704/frontend_react/src/pages/OnboardingInputPage.js", "pattern": "/^          onChange={setOutputType}$/", "language": "JavaScript", "kind": "field", "scope": "OnboardingInputPage.onChange", "scopeKind": "class"}, {"_type": "tag", "name": "targetAudience", "path": "/home/kavia/workspace/code-generation/solutiongen-platform-26695-26704/frontend_react/src/pages/OnboardingInputPage.js", "pattern": "/^                value={targetAudience}$/", "language": "JavaScript", "kind": "field", "scope": "OnboardingInputPage.value", "scopeKind": "class"}], "hash": "cbe7c57f3ca999b602a05a78b9249aad", "format-version": 4, "code-base-name": "frontend_react", "filename": "frontend_react/src/pages/OnboardingInputPage.js", "fields": [{"name": "value={companyName}", "scope": "OnboardingInputPage.value", "scopeKind": "class", "description": "unavailable"}, {"name": "options={outputOptions}", "scope": "OnboardingInputPage.options", "scopeKind": "class", "description": "unavailable"}, {"name": "value={outputType}", "scope": "OnboardingInputPage.value", "scopeKind": "class", "description": "unavailable"}, {"name": "onChange={setOutputType}", "scope": "OnboardingInputPage.onChange", "scopeKind": "class", "description": "unavailable"}, {"name": "value={targetAudience}", "scope": "OnboardingInputPage.value", "scopeKind": "class", "description": "unavailable"}]}