{"is_source_file": true, "file_id": 13, "git_revision": "", "state": 3, "description": "", "external_files": [], "external_methods": [], "published": [], "classes": [], "methods": [], "calls": [], "search-terms": [], "ctags": [{"_type": "tag", "name": "TopBar", "path": "/home/kavia/workspace/code-generation/solutiongen-platform-26695-26704/frontend_react/src/components/TopBar.js", "pattern": "/^export default function TopBar() {$/", "language": "JavaScript", "kind": "function", "signature": "()"}], "format": "JavaScript", "hash": "9e69c79a9d0e2cb26c3edfc61f18c4ec", "format-version": 4, "code-base-name": "frontend_react", "filename": "frontend_react/src/components/TopBar.js", "knowledge_revision": 24}