{"is_source_file": false, "format": "", "description": "", "external_files": [], "external_methods": [], "published": [], "classes": [], "methods": [], "calls": [], "search-terms": ["onboarding", "onb-header", "stepper", "card", "dropzone", "outputGrid", "brand", "primaryBtn", "onb-container"], "state": 2, "file_id": 15, "knowledge_revision": 45, "git_revision": "a63bdb67cb62d52a34783baa4d2ad1de372dafde", "hash": "320b383db831e2f38be910bd128dc58b", "format-version": 4, "code-base-name": "frontend_react", "filename": "frontend_react/src/styles/onboarding.css", "revision_history": [{"45": "a63bdb67cb62d52a34783baa4d2ad1de372dafde"}]}