{"is_source_file": false, "format": "", "description": "", "external_files": [], "external_methods": [], "published": [], "classes": [], "methods": [], "calls": [], "search-terms": ["onboarding", "styles", "CSS", "frontend", "react"], "state": 2, "file_id": 15, "knowledge_revision": 46, "git_revision": "bbeb8022d9d2df155d4f4ebdefebafde8565cb41", "hash": "f4426f5940fb98543167bbc31e95cbc4", "format-version": 4, "code-base-name": "frontend_react", "filename": "frontend_react/src/styles/onboarding.css", "revision_history": [{"46": "bbeb8022d9d2df155d4f4ebdefebafde8565cb41"}]}