{"is_source_file": false, "format": "", "description": "", "external_files": [], "external_methods": [], "published": [], "classes": [], "methods": [], "calls": [], "search-terms": [], "state": 2, "file_id": 13, "knowledge_revision": 34, "git_revision": "398b60afba223b6d0153b6b6a8f8207d706672e8", "hash": "d582b0e08a30f506e06bc5b388406a12", "format-version": 4, "code-base-name": "frontend_react", "filename": "frontend_react/src/styles/theme.css", "revision_history": [{"34": "398b60afba223b6d0153b6b6a8f8207d706672e8"}]}