{"is_source_file": false, "format": "", "description": "", "external_files": [], "external_methods": [], "published": [], "classes": [], "methods": [], "calls": [], "search-terms": [], "state": 2, "file_id": 14, "knowledge_revision": 39, "git_revision": "398b60afba223b6d0153b6b6a8f8207d706672e8", "revision_history": [{"22": ""}, {"39": "398b60afba223b6d0153b6b6a8f8207d706672e8"}], "hash": "d1f83b7aea0f420023894b30be2711da", "format-version": 4, "code-base-name": "frontend_react", "filename": "frontend_react/package.json"}