{"is_source_file": true, "format": "JavaScript (React JSX)", "description": "A React functional component named TopBar that renders a header section with branding elements, including an SVG icon, title, and tagline, following a specific design description.", "external_files": [], "external_methods": [], "published": ["default"], "classes": [], "methods": [{"name": "TopBar()", "description": "React functional component rendering the top branding bar with icon, title, and tagline.", "scope": "", "scopeKind": ""}], "calls": ["React"], "search-terms": ["TopBar", "React component", "branding header", "SVG icon", "powered by AI", "demo on demand"], "state": 2, "file_id": 13, "knowledge_revision": 27, "git_revision": "", "ctags": [{"_type": "tag", "name": "TopBar", "path": "/home/kavia/workspace/code-generation/solutiongen-platform-26695-26704/frontend_react/src/components/TopBar.js", "pattern": "/^export default function TopBar() {$/", "language": "JavaScript", "kind": "function", "signature": "()"}], "hash": "9e69c79a9d0e2cb26c3edfc61f18c4ec", "format-version": 4, "code-base-name": "frontend_react", "filename": "frontend_react/src/components/TopBar.js", "revision_history": [{"27": ""}]}